2023,,,,,,,,,2022,,,,,,,,,2021,,,,,,,,,2020,,,,,,,,,2019,,,,,,,,,2018,,,,,,,,,2017,,,,,,,,,2016,,,,,,,,,2015,,,,,,,
By,Player,Position,Price,Nominated,PPG,PPGOR,PPGOR/$,,By,Player,Position,Price,Nominated,PPG,PPGOR,PPGOR/$,,By,Player,Position,Price,Nominated,PPG,PPGOR,PPGOR/$,,By,Player,Position,Price,Nominated,PPG,PPGOR,PPGOR/$,,By,Player,Position,Price,Nominated,PPG,PPGOR,PPGOR/$,,By,Player,Position,Price,Nominated,PPG,PPGOR,PPGOR/$,,By,Player,Position,Price,Nominated,PPG,PPGOR,PPGOR/$,,By,Player,Position,Price,Nominated,PPG,PPGOR,PPGOR/$,,By,Player,Position,Price,Nominated,PPG,PPGOR,PPGOR/$
Lets Yeet This Wheat,Patrick Mahomes,QB,61,17,18.4,2.7,11.95082,,Tommy Approved,Josh Allen,QB,60,17,24.3,9.1,138.016667,,Tommy Approved,Kyler Murray,QB,51,31,22.2,7.7,116.254902,,Wubba Lubba Dub Dub,Patrick Mahomes,QB,66,22,25.4,9.2,128.242424,,Picking Up MIA Players Cant Be,Patrick Mahomes,QB,41,27,20.9,5.3,68.512195,,H-Town Smackdown,Aaron Rodgers,QB,52,19,19.5,4.3,35.557692,,How Bout Dem Saints!,Aaron Rodgers,QB,58,30,18.5,5,43.103448,,BR DEATH VALLEY,Cam Newton,QB,56,3,17,3,16.071429,,I'm Gonna Need A Better,Andrew Luck,QB,68,13,18.7,2.6,9.941176
DEFINITELY NOT The Tommy!,Jalen Hurts,QB,55,25,21.9,6.2,69.890909,,Stupid Cut-Rate Insurance,Patrick Mahomes,QB,50,12,25.2,10,200,,(EAU) Eat Ass University,Patrick Mahomes,QB,48,20,22,7.5,117.1875,,Bittah Commander,Lamar Jackson,QB,46,19,22.8,6.6,94.695652,,Tommy Approved,Deshaun Watson,QB,28,35,22.2,6.6,155.571429,,Jerry Smith,Deshaun Watson,QB,40,14,20.7,5.5,75.625,,Ben Da Knee,Drew Brees,QB,44,32,16.4,2.9,19.113636,,BR DEATH VALLEY,Russell Wilson,QB,51,29,16.8,2.8,15.372549,,BR DEATH VALLEY,Peyton Manning,QB,60,19,9.1,-7,-60
DEFINITELY NOT The Tommy!,Josh Allen,QB,54,22,24.2,8.5,133.796296,,I'm Austin !,Kyler Murray,QB,46,28,18.9,3.7,29.76087,,Burnin Up ðŸ”¥ðŸ”¥ðŸ”¥ðŸ”¥,Josh Allen,QB,46,15,24.6,10.1,221.76087,,Tuff Swami,Deshaun Watson,QB,40,26,23.5,7.3,133.225,,Definitely Researched,Baker Mayfield,QB,18,57,15.6,0,-18,,Jerry Smith,Tom Brady,QB,39,36,17.6,2.4,14.769231,,Tommy Approved,Tom Brady,QB,44,12,18.5,5,56.818182,,Devonta Belongs To Me Now,Aaron Rodgers,QB,51,4,23.8,9.8,188.313725,,Tommy Approved,Aaron Rodgers,QB,53,32,18.8,2.7,13.754717
Futanari Quest,Joe Burrow,QB,48,27,15.3,-0.4,-48,,Lets Yeet This Wheat,Jalen Hurts,QB,45,18,25.6,10.4,240.355556,,Definitely Not The Tommy,Lamar Jackson,QB,33,21,21.1,6.6,132,,Definitely Researched,Kyler Murray,QB,35,31,24.4,8.2,192.114286,,QB Tryouts,Cam Newton,QB,13,77,8.9,-6.7,-13,,Wubba Lubba Dub Dub,Russell Wilson,QB,38,29,18.7,3.5,32.236842,,Definitely Not The Worst,Matt Ryan,QB,37,37,14.3,0.8,1.72973,,Wubba Lubba Dub Dub,Andrew Luck,QB,35,33,20.5,6.5,120.714286,,Tommy Approved,Russell Wilson,QB,40,34,21,4.9,60.025
Lessor Austin M.,Justin Herbert,QB,43,31,18.5,2.8,18.232558,,Tuff Swami,Joe Burrow,QB,44,4,21.7,6.5,96.022727,,Definitely Not The Tommy,Dak Prescott,QB,20,49,20.7,6.2,192.2,,Rickest Rick,Dak Prescott,QB,22,41,27.8,11.6,611.636364,,Definitely Researched,Aaron Rodgers,QB,13,47,17.6,2,30.769231,,Tommy Approved,Carson Wentz,QB,31,40,17.5,2.3,17.064516,,Type II Tommy,Andrew Luck,QB,35,16,0,-13.5,-35,,The Talented Mr. Ripley,Tom Brady,QB,33,53,21.5,7.5,170.454545,,Bittah Commander,Drew Brees,QB,38,9,20.3,4.2,46.421053
Smoky McPot,Justin Fields,QB,37,37,18.4,2.7,19.702703,,Lets Yeet This Wheat,Lamar Jackson,QB,43,24,20.3,5.1,60.488372,,(EAU) Eat Ass University,Russell Wilson,QB,20,45,17.8,3.3,54.45,,QB Tryouts,Russell Wilson,QB,17,51,23.3,7.1,296.529412,,Tuff Swami,Jared Goff,QB,11,81,16.5,0.9,7.363636,,Tommy Approved,Kirk Cousins,QB,26,71,17.7,2.5,24.038462,,Tuff Swami,Derek Carr,QB,28,22,13.8,0.3,0.321429,,The Talented Mr. Ripley,Ben Roethlisberger,QB,32,39,18,4,50,,I'm Gonna Need A Better,Ben Roethlisberger,QB,23,23,19,2.9,36.565217
Tuff Swami,Trevor Lawrence,QB,36,43,17.3,1.6,7.111111,,DEFINITELY NOT The Tommy!,Justin Herbert,QB,42,1,17.1,1.9,8.595238,,Bittah Commander,Aaron Rodgers,QB,19,35,21.1,6.6,229.263158,,Better Than Sanjays Offer,Tom Brady,QB,11,37,21.9,5.7,295.363636,,Picking Up MIA Players Cant Be,Carson Wentz,QB,10,67,17.7,2.1,44.1,,Bittah Commander,Drew Brees,QB,26,45,20.3,5.1,100.038462,,The Talented Mr. Ripley,Kirk Cousins,QB,25,47,17.4,3.9,60.84,,Definitely Not The Worst,Carson Palmer,QB,30,24,16.2,2.2,16.133333,,Tommy Approved,Matt Ryan,QB,22,92,14.6,-1.5,-22
Researched? Definitely.,Lamar Jackson,QB,34,35,21.1,5.4,85.764706,,Tuff Swami,Matthew Stafford,QB,36,30,12.9,-2.3,-36,,I'm Austin !,Justin Herbert,QB,18,58,23.3,8.8,430.222222,,Better Than Sanjays Offer,Carson Wentz,QB,10,76,17.8,1.6,25.6,,Rickest Rick,Russell Wilson,QB,8,87,20.8,5.2,338,,H-Town Smackdown,Matthew Stafford,QB,26,35,13.3,-1.9,-26,,Ben Da Knee,Ben Roethlisberger,QB,24,59,17.4,3.9,63.375,,Bittah Commander,Drew Brees,QB,29,26,20.8,6.8,159.448276,,The Underdogs,Colin Kaepernick,QB,21,104,12.3,-3.8,-21
Tommy Approved,Tua Tagovailoa,QB,27,59,16.7,1,3.703704,,DEFINITELY NOT The Tommy!,Russell Wilson,QB,31,29,15.8,0.6,1.16129,,Tommy Approved,Tom Brady,QB,13,59,22.7,8.2,517.230769,,Definitely Researched,Drew Brees,QB,10,66,18,1.8,32.4,,Bittah Commander,Dak Prescott,QB,8,85,21.8,6.2,480.5,,Bittah Commander,Cam Newton,QB,22,65,20.2,5,113.636364,,The Talented Mr. Ripley,Dak Prescott,QB,24,42,16.3,2.8,32.666667,,Smokey McPot,Derek Carr,QB,23,57,17.9,3.9,66.130435,,Tuff Swami,Matthew Stafford,QB,21,102,18.1,2,19.047619
Tuff Swami,Kirk Cousins,QB,25,55,19.4,3.7,54.76,,Wubba Lubba Dub Dub,Dak Prescott,QB,27,34,17.8,2.6,25.037037,,Tuff Swami,Ryan Tannehill,QB,11,66,16.6,2.1,40.090909,,B2B Tommy B2B,Matthew Stafford,QB,10,46,16.9,0.7,4.9,,Wubba Lubba Dub Dub,Matt Ryan,QB,8,79,18.8,3.2,128,,Tuff Swami,Jared Goff,QB,21,64,19.4,4.2,84,,Tuff Swami,Marcus Mariota,QB,22,38,14,0.5,1.136364,,Definitely Not The Worst,Eli Manning,QB,22,59,14,0,-22,,Mow Likes Hairy Manly Nipples,Philip Rivers,QB,20,100,17.8,1.7,14.45
Lets Yeet This Wheat,Aaron Rodgers,QB,24,47,0,-15.7,-24,,I'm Austin !,Trey Lance,QB,24,41,4.5,-10.7,-24,,Late Auction Outbidders,Trevor Lawrence,QB,11,57,12.7,-1.8,-11,,Rickest Rick,Josh Allen,QB,9,75,25.4,9.2,940.444444,,Rickest Rick,Drew Brees,QB,8,61,20.8,5.2,338,,Sanjay Approved,Andrew Luck,QB,19,6,20.5,5.3,147.842105,,Tommy Approved,Andy Dalton,QB,20,84,13.2,-0.3,-20,,Tommy Approved,Blake Bortles,QB,21,14,16.9,2.9,40.047619,,The Talented Mr. Ripley,Tony Romo,QB,17,42,10.2,-5.9,-17
Team Vinegar Strokes,Dak Prescott,QB,21,54,20.7,5,119.047619,,Stupid Cut-Rate Insurance,Aaron Rodgers,QB,20,59,14.8,-0.4,-20,,Not The Tommy Sandwich,Joe Burrow,QB,10,68,20.5,6,360,,Wubba Lubba Dub Dub,Aaron Rodgers,QB,8,62,24.2,8,800,,Captain Dickhead,Ben Roethlisberger,QB,6,101,6.9,-8.7,-6,,Definitely Researched,Philip Rivers,QB,17,70,17.8,2.6,39.764706,,Smokey McPot,Jameis Winston,QB,20,57,15.5,2,20,,Tuff Swami,Philip Rivers,QB,18,71,16.2,2.2,26.888889,,BR DEATH VALLEY,Cam Newton,QB,15,40,24.3,8.2,448.266667
Champ - Missioner,Geno Smith,QB,20,75,15.7,0,-20,,Tomm - Issioner,Tom Brady,QB,18,31,16.5,1.3,9.388889,,Burnin Up ðŸ”¥ðŸ”¥ðŸ”¥ðŸ”¥,Matthew Stafford,QB,9,67,20.4,5.9,386.777778,,Captain Dickhead,Matt Ryan,QB,8,57,18.3,2.1,55.125,,Tommy Approved,Josh Allen,QB,5,123,18.6,3,180,,K.Hunt Punt,Derek Carr,QB,17,61,13.5,-1.7,-17,,Bittah Commander,Cam Newton,QB,20,48,18.7,5.2,135.2,,I Got Outscored By The Tommy.,Jameis Winston,QB,14,83,16,2,28.571429,,Bittah Commander,Ryan Tannehill,QB,14,82,16.1,0,-14
Smoky McPot,Deshaun Watson,QB,19,46,15.2,-0.5,-19,,Rookie Of The Year,Tua Tagovailoa,QB,15,72,18.4,3.2,68.266667,,Definitely Researched,Baker Mayfield,QB,8,60,13.8,-0.7,-8,,Captain Dickhead,Daniel Jones,QB,7,77,13.6,-2.6,-7,,Tuff Swami,Tom Brady,QB,5,89,17,1.4,39.2,,Wubba Lubba Dub Dub,Matt Ryan,QB,16,55,22.2,7,306.25,,How Bout Dem Saints!,Russell Wilson,QB,20,3,21.7,8.2,336.2,,Bittah Commander,Andy Dalton,QB,14,69,16.3,2.3,37.785714,,Bittah Commander,Tom Brady,QB,13,72,21.5,5.4,224.307692
Researched? Definitely.,Daniel Jones,QB,18,72,10.5,-5.2,-18,,Team Vinegar Strokes,Kirk Cousins,QB,15,35,18,2.8,52.266667,,Definitely Researched,Tua Tagovailoa,QB,7,70,14.7,0.2,0.571429,,Tommy Approved,Jared Goff,QB,3,96,16.9,0.7,16.333333,,Tommy Approved,Lamar Jackson,QB,4,113,28.1,12.5,3906.25,,Captain Dickhead,Ben Roethlisberger,QB,15,81,21.3,6.1,248.066667,,Bittah Commander,Tyrod Taylor,QB,19,66,14.8,1.3,8.894737,,Tuff Swami,Matthew Stafford,QB,13,89,17.5,3.5,94.230769,,Mow Likes Hairy Manly Nipples,Eli Manning,QB,11,62,18,1.9,32.818182
Tommy Approved,Anthony Richardson,QB,15,88,18.4,2.7,48.6,,Rookie Of The Year,Derek Carr,QB,12,70,15.5,0.3,0.75,,Bittah Commander,Justin Fields,QB,4,87,11.4,-3.1,-4,,B2B Tommy B2B,Philip Rivers,QB,2,123,15.7,-0.5,-2,,Antonio Brown,Philip Rivers,QB,4,99,16,0.4,4,,Sanjay Approved,Alex Smith,QB,15,73,13.8,-1.4,-15,,Smokey McPot,Eli Manning,QB,19,58,12.5,-1,-19,,Devonta Belongs To Me Now,Brock Osweiler,QB,11,32,11.2,-2.8,-11,,Tuff Swami,Andy Dalton,QB,10,121,18.8,2.7,72.9
Futanari Quest,Jared Goff,QB,13,90,17.8,2.1,33.923077,,Tomm - Issioner,Trevor Lawrence,QB,11,82,17.9,2.7,66.272727,,I'm Austin !,Jalen Hurts,QB,3,76,21.4,6.9,1587,,Better Than Sanjays Offer,Jimmy Garoppolo,QB,2,108,11.6,-4.6,-2,,Wubba Lubba Dub Dub,Kyler Murray,QB,4,91,18.6,3,225,,K.Hunt Punt,Patrick Mahomes,QB,12,75,26.1,10.9,990.083333,,Wubba Lubba Dub Dub,Philip Rivers,QB,18,80,16.9,3.4,64.222222,,Tommy Approved,Tyrod Taylor,QB,9,94,18.1,4.1,186.777778,,Tuff Swami,Carson Palmer,QB,10,109,19.3,3.2,102.4
The Stairs,Russell Wilson,QB,8,68,17.7,2,50,,Team HUNTER,Jameis Winston,QB,8,84,16.3,1.1,15.125,,Late Auction Outbidders,Ryan Fitzpatrick,QB,2,95,0.7,-13.8,-2,,Tuff Swami,Ben Roethlisberger,QB,2,99,18.5,2.3,264.5,,Tuff Swami,Matthew Stafford,QB,3,121,21.4,5.8,1121.333333,,Definitely Researched,Andy Dalton,QB,12,62,15.9,0.7,4.083333,,Type II Tommy,Matthew Stafford,QB,14,62,17.1,3.6,92.571429,,I Got Outscored By The Tommy.,Marcus Mariota,QB,8,99,17.3,3.3,136.125,,The Underdogs,Sam Bradford,QB,9,112,13.9,-2.2,-9
Tommy Approved,Sam Howell,QB,7,112,16.4,0.7,7,,Team Vinegar Strokes,Justin Fields,QB,8,76,20.5,5.3,351.125,,Definitely Researched,Taysom Hill,QB,1,182,0,-14.5,-1,,Better Than Sanjays Offer,Cam Newton,QB,2,98,18,1.8,162,,Tuff Swami,Kirk Cousins,QB,3,114,16.7,1.1,40.333333,,Wubba Lubba Dub Dub,Eli Manning,QB,10,2,15,-0.2,-10,,Definitely Not The Worst,Carson Wentz,QB,10,88,21.7,8.2,672.4,,Devonta Belongs To Me Now,Matt Ryan,QB,6,119,21.7,7.7,988.166667,,The Talented Mr. Ripley,Jay Cutler,QB,5,119,15.1,-1,-5
The Stairs,Matthew Stafford,QB,7,89,17,1.3,24.142857,,Name Change For Luck,Matt Ryan,QB,6,50,14,-1.2,-6,,(EAU) Eat Ass University,Carson Wentz,QB,1,181,15.6,1.1,121,,Tuff Swami,Joe Burrow,QB,2,90,17.9,1.7,144.5,,Antonio Brown,Mitchell Trubisky,QB,3,98,14.2,-1.4,-3,,Bittah Commander,Marcus Mariota,QB,6,103,12.5,-2.7,-6,,Wubba Lubba Dub Dub,Carson Palmer,QB,7,95,14.6,1.1,17.285714,,Wubba Lubba Dub Dub,Robert Griffin III,QB,5,127,13.3,-0.7,-5,,BR DEATH VALLEY,Joe Flacco,QB,3,129,16.2,0.1,0.333333
Smoky McPot,Kenny Pickett,QB,7,71,9.5,-6.2,-7,,Name Change For Luck,Daniel Jones,QB,5,88,18.4,3.2,204.8,,Bittah Commander,Teddy Bridgewater,QB,1,143,15,0.5,25,,Definitely Researched,Tua Tagovailoa,QB,1,167,14,-2.2,-1,,Definitely Researched,Andy Dalton,QB,2,144,16.7,1.1,60.5,,K.Hunt Punt,Jimmy Garoppolo,QB,6,82,16,0.8,10.666667,,Bittah Commander,Blake Bortles,QB,4,126,15.6,2.1,110.25,,Bittah Commander,Ryan Tannehill,QB,5,117,14.6,0.6,7.2,,Tommy Approved,Robert Griffin,QB,2,159,0,-16.1,-2
Team Vinegar Strokes,Bryce Young,QB,5,102,10.4,-5.3,-5,,Stupid Cut-Rate Insurance,Mac Jones,QB,4,125,12.9,-2.3,-4,,Late Auction Outbidders,Jared Goff,QB,1,136,14.5,0,-1,,Rickest Rick,Justin Herbert,QB,1,164,22.9,6.7,4489,,Rickest Rick,Nick Foles,QB,2,135,9.9,-5.7,-2,,Tuff Swami,Dak Prescott,QB,5,83,17.9,2.7,145.8,,Smokey McPot,Deshaun Watson,QB,4,89,24.1,10.6,2809,,Smokey McPot,Kirk Cousins,QB,5,88,18.8,4.8,460.8,,In Devontafreem An We Trust,Jimmy Garoppolo,QB,1,190,-0.1,-16.2,-1
Lessor Austin M.,Derek Carr,QB,5,95,14.7,-1,-5,,Rookie Of The Year,Davis Mills,QB,3,117,13.1,-2.1,-3,,Burnin Up ðŸ”¥ðŸ”¥ðŸ”¥ðŸ”¥,Daniel Jones,QB,1,123,15.8,1.3,169,,Bittah Commander,Derek Carr,QB,1,161,17.6,1.4,196,,QB Tryouts,Jacoby Brissett,QB,2,131,14.9,-0.7,-2,,Tommy Approved,Ryan Tannehill,QB,4,128,13,-2.2,-4,,The Talented Mr. Ripley,Alex Smith,QB,3,109,19.7,6.2,1281.333333,,Bittah Commander,Sam Bradford,QB,4,144,14.8,0.8,16,,Bid Over $9000,Blake Bortles,QB,1,181,19.8,3.7,1369
Tommy Approved,Brock Purdy,QB,4,111,19.2,3.5,306.25,,Tommy Approved,Baker Mayfield,QB,2,127,10.8,-4.4,-2,,Bittah Commander,Jameis Winston,QB,1,115,17.2,2.7,729,,Bittah Commander,Teddy Bridgewater,QB,1,154,16.8,0.6,36,,Antonio Brown,Derek Carr,QB,2,116,15.8,0.2,2,,Definitely Researched,Tyrod Taylor,QB,4,113,10.4,-4.8,-4,,Ben Da Knee,Brian Hoyer,QB,2,177,5.8,-7.7,-2,,Tommy Approved,Alex Smith,QB,4,134,15,1,25,,The Underdogs,Josh McCown,QB,1,167,16.5,0.4,16
Champ - Missioner,Jimmy Garoppolo,QB,4,101,10.4,-5.3,-4,,Tommy Approved,Jared Goff,QB,2,99,17.1,1.9,180.5,,Tuff Swami,Derek Carr,QB,1,112,15.9,1.4,196,,Bittah Commander,Baker Mayfield,QB,1,118,16,-0.2,-1,,Tommy Approved,Jameis Winston,QB,2,103,21,5.4,1458,,Tuff Swami,Case Keenum,QB,4,110,13.4,-1.8,-4,,Tommy Approved,Jay Cutler,QB,2,151,11.3,-2.2,-2,,Bittah Commander,Jay Cutler,QB,2,140,9.4,-4.6,-2,,I'm Gonna Need A Better,Marcus Mariota,QB,1,162,17.6,1.5,225
The Stairs,Ryan Tannehill,QB,4,63,9.7,-6,-4,,Team Vinegar Strokes,Desmond Ridder,QB,1,196,9.7,-5.5,-1,,Tommy Approved,Ben Roethlisberger,QB,1,111,14.3,-0.2,-1,,QB Tryouts,Drew Lock,QB,1,111,15.1,-1.1,-1,,Captain Dickhead,Daniel Jones,QB,1,187,17.5,1.9,361,,H-Town Smackdown,Jameis Winston,QB,3,145,17.8,2.6,225.333333,,How Bout Dem Saints!,Jared Goff,QB,1,156,17,3.5,1225,,Devonta Belongs To Me Now,Teddy Bridgewater,QB,2,135,0,-14,-2,,Mow Likes Hairy Manly Nipples,Kirk Cousins,QB,1,161,18.3,2.2,484
The Stairs,Jordan Love,QB,3,107,19.4,3.7,456.333333,,Tommy Approved,Jimmy Garoppolo,QB,1,188,15.3,0.1,1,,Bittah Commander,Sam Darnold,QB,1,105,14.2,-0.3,-1,,Tommy Approved,Gardner Minshew II,QB,1,109,18.3,2.1,441,,Bittah Commander,Dwayne Haskins Jr.,QB,1,155,9.3,-6.3,-1,,Jerry Smith,Blake Bortles,QB,2,122,13.3,-1.9,-2,,Type II Tommy,Sam Bradford,QB,1,150,13.5,0,-1,,Tommy Approved,Ryan Fitzpatrick,QB,2,102,9.5,-4.5,-2,,Tommy Approved,Jameis Winston,QB,1,149,17.2,1.1,121
Wubba Lubba Dub Dub,C.J. Stroud,QB,3,99,18.7,3,300,,Wubba Lubba Dub Dub,Mitch Trubisky,QB,1,179,11.3,-3.9,-1,,Not The Tommy Sandwich,Zach Wilson,QB,1,104,12.5,-2,-1,,B2B Tommy B2B,Ryan Tannehill,QB,1,104,21.9,5.7,3249,,Bittah Commander,Eli Manning,QB,1,145,14.8,-0.8,-1,,Captain Dickhead,Mitchell Trubisky,QB,2,112,18.8,3.6,648,,Definitely Not The Worst,Joe Flacco,QB,1,144,11.6,-1.9,-1,,Wubba Lubba Dub Dub,Tony Romo,QB,1,183,5.2,-8.8,-1,,The Talented Mr. Ripley,Derek Carr,QB,1,148,17,0.9,81
Tuff Swami,Desmond Ridder,QB,2,135,12.6,-3.1,-2,,Name Change For Luck,Malik Willis,QB,1,170,3.2,-12,-1,,Tuff Swami,Kirk Cousins,QB,1,102,19.2,4.7,2209,,Captain Dickhead,Kirk Cousins,QB,1,97,20,3.8,1444,,Wubba Lubba Dub Dub,Joe Flacco,QB,1,137,11.2,-4.4,-1,,Sanjay Approved,Josh Rosen,QB,1,167,8.1,-7.1,-1,,Wubba Lubba Dub Dub,David Johnson,RB,71,8,10,1.9,5.084507,,BR DEATH VALLEY,Zach Mettenberger,QB,1,177,0,-14,-1,,BR DEATH VALLEY,Nick Foles,QB,1,147,8.7,-7.4,-1
Champ - Missioner,Baker Mayfield,QB,2,127,16.7,1,50,,Wubba Lubba Dub Dub,Deshaun Watson,QB,1,161,15.1,-0.1,-1,,Definitely Not The Tommy,Trey Lance,QB,1,98,11.2,-3.3,-1,,Rickest Rick,Christian McCaffrey,RB,85,1,27.3,18.9,420.247059,,Picking Up MIA Players Cant Be,Marcus Mariota,QB,1,133,12.4,-3.2,-1,,Tuff Swami,Sam Bradford,QB,1,157,4.2,-11,-1,,Type II Tommy,Le'Veon Bell,RB,62,25,19.9,11.8,224.580645,,I Got Outscored By The Tommy.,Jared Goff,QB,1,169,7.6,-6.4,-1,,The Talented Mr. Ripley,Alex Smith,QB,1,139,16.9,0.8,64
Team Vinegar Strokes,Mac Jones,QB,2,123,10.8,-4.9,-2,,I'm Austin !,Marcus Mariota,QB,1,147,15.8,0.6,36,,I'm Austin !,Matt Ryan,QB,1,96,13.8,-0.7,-1,,Wubba Lubba Dub Dub,Saquon Barkley,RB,81,2,6.2,-2.2,-81,,Captain Dickhead,Sam Darnold,QB,1,124,15.5,-0.1,-1,,Sanjay Approved,Joe Flacco,QB,1,148,15.2,0,-1,,Tuff Swami,Devonta Freeman,RB,44,45,13,4.9,54.568182,,Definitely Not The Worst,Scott Tolzien,QB,1,168,3,-11,-1,,Bittah Commander,Teddy Bridgewater,QB,1,135,12.5,-3.6,-1
Wubba Lubba Dub Dub,Kyle Trask,QB,1,203,-0.1,-15.8,-1,,Team HUNTER,Geno Smith,QB,1,146,18.5,3.3,1089,,Not The Tommy Sandwich,Mac Jones,QB,1,84,14,-0.5,-1,,Bittah Commander,Ezekiel Elliott,RB,78,3,13.2,4.8,29.538462,,Rickest Rick,Jimmy Garoppolo,QB,1,119,16.3,0.7,49,,Jerry Smith,Baker Mayfield,QB,1,144,17.1,1.9,361,,How Bout Dem Saints!,LeSean McCoy,RB,41,35,14.6,6.5,103.04878,,Smokey McPot,Case Keenum,QB,1,148,11.1,-2.9,-1,,Bid Over $9000,Jamaal Charles,RB,65,6,18.1,9,124.615385
Lets Yeet This Wheat,Gardner Minshew,QB,1,174,12.8,-2.9,-1,,Rookie Of The Year,Kenny Pickett,QB,1,141,12.2,-3,-1,,Tommy Approved,Christian McCaffrey,RB,86,1,15.6,6.8,53.767442,,Definitely Researched,Dalvin Cook,RB,77,5,22.6,14.2,261.87013,,Wubba Lubba Dub Dub,Christian McCaffrey,RB,79,7,25.8,17,365.822785,,Sanjay Approved,Ezekiel Elliott,RB,68,30,19.4,10.8,171.529412,,Tommy Approved,DeMarco Murray,RB,40,36,10.1,2,10,,The Talented Mr. Ripley,Dak Prescott,QB,1,145,17.9,3.9,1521,,The Underdogs,Marshawn Lynch,RB,64,7,10.9,1.8,5.0625
Wubba Lubba Dub Dub,Taylor Heinicke,QB,1,169,14,-1.7,-1,,Team HUNTER,Zach Wilson,QB,1,135,11.7,-3.5,-1,,Tuff Swami,Dalvin Cook,RB,77,2,14.6,5.8,43.688312,,Tommy Approved,Clyde Edwards-Helaire,RB,73,16,12.2,3.8,19.780822,,Wubba Lubba Dub Dub,Saquon Barkley,RB,73,1,16.8,8,87.671233,,Definitely Researched,David Johnson,RB,68,24,13.9,5.3,41.308824,,Ben Da Knee,Ezekiel Elliott,RB,40,7,19,10.9,297.025,,I Got Outscored By The Tommy.,Blaine Gabbert,QB,1,143,12.2,-1.8,-1,,BR DEATH VALLEY,Matt Forte,RB,62,8,14.8,5.7,52.403226
Wubba Lubba Dub Dub,Sam Darnold,QB,1,158,2.4,-13.3,-1,,Lets Yeet This Wheat,Carson Wentz,QB,1,133,15.2,0,-1,,(EAU) Eat Ass University,Alvin Kamara,RB,69,9,16.2,7.4,79.362319,,B2B Tommy B2B,Derrick Henry,RB,72,11,20.2,11.8,193.388889,,QB Tryouts,Alvin Kamara,RB,60,2,14.9,6.1,62.016667,,Wubba Lubba Dub Dub,Todd Gurley II,RB,68,9,24.5,15.9,371.779412,,Smokey McPot,Jordan Howard,RB,38,18,11.8,3.7,36.026316,,Wubba Lubba Dub Dub,Joe Flacco,QB,1,139,15.2,1.2,144,,The Talented Mr. Ripley,Le'Veon Bell,RB,61,1,16.5,7.4,89.770492
Lessor Austin M.,Clayton Tune,QB,1,149,1.2,-14.5,-1,,Tuff Swami,Ryan Tannehill,QB,1,126,13.9,-1.3,-1,,Late Auction Outbidders,Derrick Henry,RB,67,3,23,14.2,300.955224,,Tuff Swami,Nick Chubb,RB,63,4,16.6,8.2,106.730159,,Tommy Approved,Ezekiel Elliott,RB,59,5,17.8,9,137.288136,,Bittah Commander,Le'Veon Bell,RB,67,7,0,-8.6,-67,,Tuff Swami,Jay Ajayi,RB,37,24,8.8,0.7,1.324324,,The Talented Mr. Ripley,Le'Veon Bell,RB,69,12,23.3,14.8,317.449275,,In Devontafreem An We Trust,Eddie Lacy,RB,58,3,8.7,-0.4,-58
Wubba Lubba Dub Dub,Joshua Dobbs,QB,1,147,16.2,0.5,25,,Wubba Lubba Dub Dub,Jonathan Taylor,RB,85,7,11,2.1,5.188235,,(EAU) Eat Ass University,Najee Harris,RB,63,13,15.5,6.7,71.253968,,Captain Dickhead,Josh Jacobs,RB,61,7,14.3,5.9,57.065574,,Captain Dickhead,Le'Veon Bell,RB,59,4,12.1,3.3,18.457627,,Wubba Lubba Dub Dub,Alvin Kamara,RB,52,4,20.9,12.3,290.942308,,Type II Tommy,Melvin Gordon,RB,36,46,16.2,8.1,182.25,,Definitely Not The Worst,Adrian Peterson,RB,57,2,2.5,-6,-57,,Mow Likes Hairy Manly Nipples,C.J. Anderson,RB,57,17,8.6,-0.5,-57
Champ - Missioner,Kyler Murray,QB,1,100,18.9,3.2,1024,,Wubba Lubba Dub Dub,Christian McCaffrey,RB,76,6,18.5,9.6,121.263158,,I'm Austin !,Nick Chubb,RB,61,8,14.7,5.9,57.065574,,Tuff Swami,Alvin Kamara,RB,57,6,22.4,14,343.859649,,Antonio Brown,David Johnson,RB,58,6,9.5,0.7,0.844828,,K.Hunt Punt,Kareem Hunt,RB,49,11,19.7,11.1,251.44898,,Definitely Not The Worst,Leonard Fournette,RB,29,34,16.3,8.2,231.862069,,Tuff Swami,David Johnson,RB,55,17,23,14.5,382.272727,,The Talented Mr. Ripley,Adrian Peterson,RB,56,4,15.4,6.3,70.875
Champ - Missioner,Austin Ekeler,RB,74,13,11.4,2.6,9.135135,,Tomm - Issioner,Austin Ekeler,RB,73,10,18.8,9.9,134.260274,,I'm Austin !,Austin Ekeler,RB,60,12,19.3,10.5,183.75,,B2B Tommy B2B,Austin Ekeler,RB,55,18,13.8,5.4,53.018182,,Antonio Brown,James Conner,RB,58,3,12.9,4.1,28.982759,,Jerry Smith,Saquon Barkley,RB,49,1,21.3,12.7,329.163265,,Smokey McPot,Marshawn Lynch,RB,28,14,10.3,2.2,17.285714,,Tommy Approved,Todd Gurley,RB,54,30,11,2.5,11.574074,,In Devontafreem An We Trust,LeSean McCoy,RB,52,12,13.6,4.5,38.942308
Futanari Quest,Christian McCaffrey,RB,70,3,22.4,13.6,264.228571,,Name Change For Luck,Derrick Henry,RB,70,9,17.9,9,115.714286,,Tuff Swami,Ezekiel Elliott,RB,60,6,13.4,4.6,35.266667,,Better Than Sanjays Offer,Joe Mixon,RB,51,14,14.9,6.5,82.843137,,Picking Up MIA Players Cant Be,Nick Chubb,RB,49,32,14.8,6,73.469388,,Tuff Swami,Melvin Gordon,RB,48,12,20.9,12.3,315.1875,,Definitely Not The Worst,Lamar Miller,RB,27,51,11,2.9,31.148148,,Bittah Commander,Lamar Miller,RB,51,28,12.5,4,31.372549,,Tuff Swami,DeMarco Murray,RB,51,18,10.8,1.7,5.666667
Lessor Austin M.,Derrick Henry,RB,62,7,13.7,4.9,38.725806,,Rookie Of The Year,Najee Harris,RB,69,2,11.9,3,13.043478,,Definitely Not The Tommy,Aaron Jones,RB,58,10,13.5,4.7,38.086207,,Tommy Approved,Aaron Jones,RB,51,8,16.8,8.4,138.352941,,Definitely Researched,Todd Gurley II,RB,47,21,13.6,4.8,49.021277,,Sanjay Approved,Dalvin Cook,RB,44,43,12,3.4,26.272727,,The Talented Mr. Ripley,Todd Gurley II,RB,22,55,23.4,15.3,1064.045455,,Wubba Lubba Dub Dub,Ezekiel Elliott,RB,51,9,20.6,12.1,287.078431,,Tommy Approved,Jeremy Hill,RB,48,22,10.2,1.1,2.520833
Tuff Swami,Tony Pollard,RB,59,14,11.5,2.7,12.355932,,Stupid Cut-Rate Insurance,Dalvin Cook,RB,67,11,12.8,3.9,22.701493,,Definitely Researched,Antonio Gibson,RB,54,18,13,4.2,32.666667,,Better Than Sanjays Offer,Miles Sanders,RB,50,13,13,4.6,42.32,,Tuff Swami,Joe Mixon,RB,43,13,13,4.2,41.023256,,Definitely Researched,Leonard Fournette,RB,43,3,13.7,5.1,60.488372,,How Bout Dem Saints!,Isaiah Crowell,RB,21,26,8.1,0,-21,,Devonta Belongs To Me Now,Devonta Freeman,RB,48,21,16.1,7.6,120.333333,,Bid Over $9000,Justin Forsett,RB,35,2,10.7,1.6,7.314286
Team Vinegar Strokes,Saquon Barkley,RB,59,9,14.5,5.7,55.067797,,I'm Austin !,Alvin Kamara,RB,59,14,12.2,3.3,18.457627,,Burnin Up ðŸ”¥ðŸ”¥ðŸ”¥ðŸ”¥,Saquon Barkley,RB,54,4,9.2,0.4,0.296296,,Definitely Researched,Kenyan Drake,RB,46,17,12,3.6,28.173913,,Tommy Approved,Dalvin Cook,RB,39,15,19,10.2,266.769231,,H-Town Smackdown,Devonta Freeman,RB,39,38,5.8,-2.8,-39,,The Talented Mr. Ripley,Carlos Hyde,RB,20,56,12.8,4.7,110.45,,Bittah Commander,LeSean McCoy,RB,42,15,18.2,9.7,224.02381,,In Devontafreem An We Trust,Mark Ingram,RB,31,29,14.9,5.8,108.516129
Researched? Definitely.,Bijan Robinson,RB,59,5,12.8,4,27.118644,,Tommy Approved,D'Andre Swift,RB,52,21,11.9,3,17.307692,,Definitely Researched,Jonathan Taylor,RB,53,11,20.8,12,271.698113,,Captain Dickhead,Melvin Gordon III,RB,32,21,12.2,3.8,45.125,,Definitely Researched,Kerryon Johnson,RB,38,10,10,1.2,3.789474,,Captain Dickhead,Christian McCaffrey,RB,37,13,20.8,12.2,402.27027,,Bittah Commander,Christian McCaffrey,RB,15,83,11.8,3.7,91.266667,,Devonta Belongs To Me Now,Jamaal Charles,RB,40,27,4.1,-4.4,-40,,I'm Gonna Need A Better,Alfred Morris,RB,27,39,5.7,-3.4,-27
The Stairs,Nick Chubb,RB,52,1,10.6,1.8,6.230769,,Team HUNTER,Nick Chubb,RB,50,22,15.8,6.9,95.22,,Definitely Not The Tommy,Joe Mixon,RB,39,17,16.7,7.9,160.025641,,QB Tryouts,Todd Gurley II,RB,25,39,10,1.6,10.24,,Bittah Commander,Chris Carson,RB,36,20,14.3,5.5,84.027778,,H-Town Smackdown,Jerick McKinnon,RB,31,32,0,-8.6,-31,,How Bout Dem Saints!,Mark Ingram,RB,14,63,15.6,7.5,401.785714,,Tuff Swami,Doug Martin,RB,28,35,9.8,1.3,6.035714,,I'm Gonna Need A Better,Lamar Miller,RB,26,46,13,3.9,58.5
The Stairs,Josh Jacobs,RB,44,24,12.5,3.7,31.113636,,Tomm - Issioner,Joe Mixon,RB,48,19,14,5.1,54.1875,,I'm Austin !,Clyde Edwards-Helaire,RB,38,24,10.7,1.9,9.5,,QB Tryouts,David Johnson,RB,25,32,13.6,5.2,108.16,,Picking Up MIA Players Cant Be,Damien Williams,RB,32,39,11.5,2.7,22.78125,,K.Hunt Punt,LeSean McCoy,RB,27,17,7.9,-0.7,-27,,How Bout Dem Saints!,Bilal Powell,RB,14,53,8.9,0.8,4.571429,,I Got Outscored By The Tommy.,Mark Ingram,RB,27,41,13.7,5.2,100.148148,,I'm Gonna Need A Better,Joseph Randle,RB,20,78,11.5,2.4,28.8
Champ - Missioner,Joe Mixon,RB,42,23,14.2,5.4,69.428571,,Team Vinegar Strokes,Aaron Jones,RB,46,43,12.9,4,34.782609,,Tuff Swami,David Montgomery,RB,36,28,12.5,3.7,38.027778,,Rickest Rick,Chris Carson,RB,21,58,14.1,5.7,154.714286,,Bittah Commander,Devonta Freeman,RB,29,31,12,3.2,35.310345,,Definitely Researched,Alex Collins,RB,24,44,10.1,1.5,9.375,,Ben Da Knee,Tevin Coleman,RB,12,92,10.3,2.2,40.333333,,Tuff Swami,Eddie Lacy,RB,24,48,8.2,-0.3,-24,,Mow Likes Hairy Manly Nipples,Frank Gore,RB,18,49,11,1.9,20.055556
Team Vinegar Strokes,Jahmyr Gibbs,RB,39,30,14.4,5.6,80.410256,,Team Vinegar Strokes,Leonard Fournette,RB,39,26,11.9,3,23.076923,,Burnin Up ðŸ”¥ðŸ”¥ðŸ”¥ðŸ”¥,James Robinson,RB,31,27,11.3,2.5,20.16129,,Bittah Commander,James Conner,RB,17,44,11.3,2.9,49.470588,,QB Tryouts,Derrick Henry,RB,25,25,19,10.2,416.16,,Jerry Smith,Derrick Henry,RB,21,41,12.1,3.5,58.333333,,The Talented Mr. Ripley,Derrick Henry,RB,11,139,8.1,0,-11,,Devonta Belongs To Me Now,Jonathan Stewart,RB,24,22,11,2.5,26.041667,,Bittah Commander,Melvin Gordon,RB,16,57,6.6,-2.5,-16
Wubba Lubba Dub Dub,Travis Etienne Jr.,RB,36,29,14.9,6.1,103.361111,,Wubba Lubba Dub Dub,Javonte Williams,RB,38,39,8.5,-0.4,-38,,Not The Tommy Sandwich,Miles Sanders,RB,25,32,8.7,-0.1,-25,,Bittah Commander,D'Andre Swift,RB,16,45,12.8,4.4,121,,Tuff Swami,Aaron Jones,RB,25,23,18.1,9.3,345.96,,Sanjay Approved,Jordan Howard,RB,20,23,10.6,2,20,,The Talented Mr. Ripley,Spencer Ware,RB,11,96,0,-8.1,-11,,Bittah Commander,Carlos Hyde,RB,19,50,13.7,5.2,142.315789,,Tuff Swami,Carlos Hyde,RB,16,55,10.8,1.7,18.0625
Lessor Austin M.,Najee Harris,RB,35,21,10.6,1.8,9.257143,,Tommy Approved,Saquon Barkley,RB,38,38,16,7.1,132.657895,,Not The Tommy Sandwich,Chris Carson,RB,21,36,11.3,2.5,29.761905,,Tommy Approved,Jonathan Taylor,RB,13,63,15.7,7.3,409.923077,,Bittah Commander,Sony Michel,RB,23,76,9.2,0.4,0.695652,,Captain Dickhead,Joe Mixon,RB,20,22,15.9,7.3,266.45,,Bittah Commander,Eddie Lacy,RB,11,44,2.8,-5.3,-11,,I Got Outscored By The Tommy.,Thomas Rawls,RB,14,58,7.7,-0.8,-14,,Bittah Commander,Isaiah Crowell,RB,14,105,8,-1.1,-14
Tommy Approved,Rhamondre Stevenson,RB,32,38,10.6,1.8,10.125,,Tuff Swami,James Conner,RB,33,44,13.6,4.7,66.939394,,Bittah Commander,Gus Edwards,RB,17,52,0,-8.8,-17,,Bittah Commander,Cam Akers,RB,12,64,8,-0.4,-12,,Definitely Researched,Leonard Fournette,RB,23,29,14.8,6,156.521739,,Bittah Commander,Kenyan Drake,RB,19,63,11.2,2.6,35.578947,,How Bout Dem Saints!,Ty Montgomery,RB,9,86,10,1.9,40.111111,,Wubba Lubba Dub Dub,C.J. Anderson,RB,14,52,13.5,5,178.571429,,Mow Likes Hairy Manly Nipples,Jonathan Stewart,RB,14,63,11.9,2.8,56
Smoky McPot,Aaron Jones,RB,30,36,10.9,2.1,14.7,,Tuff Swami,Ezekiel Elliott,RB,27,40,11.8,2.9,31.148148,,Late Auction Outbidders,D'Andre Swift,RB,16,38,13.7,4.9,150.0625,,Captain Dickhead,Le'Veon Bell,RB,12,42,6.1,-2.3,-12,,Tommy Approved,Josh Jacobs,RB,22,33,14,5.2,122.909091,,Captain Dickhead,Royce Freeman,RB,18,15,6.7,-1.9,-18,,Bittah Commander,Dalvin Cook,RB,7,100,15,6.9,680.142857,,Smokey McPot,Matt Forte,RB,13,60,12,3.5,94.230769,,Tommy Approved,Andre Ellington,RB,13,60,6.7,-2.4,-13
Smoky McPot,Dameon Pierce,RB,24,49,5.4,-3.4,-24,,Team Vinegar Strokes,Breece Hall,RB,23,53,15.1,6.2,167.130435,,(EAU) Eat Ass University,Josh Jacobs,RB,14,40,13.3,4.5,144.642857,,Tuff Swami,Ronald Jones II,RB,10,65,12.3,3.9,152.1,,Captain Dickhead,Duke Johnson,RB,21,50,8.3,-0.5,-21,,Bittah Commander,Lamar Miller,RB,15,54,11.4,2.8,52.266667,,Type II Tommy,LeGarrette Blount,RB,7,99,6.5,-1.6,-7,,Smokey McPot,Jeremy Langford,RB,11,80,5.3,-3.2,-11,,BR DEATH VALLEY,Latavius Murray,RB,12,73,11.5,2.4,48
The Stairs,Breece Hall,RB,19,53,14.9,6.1,195.842105,,Team HUNTER,Cam Akers,RB,21,25,9,0.1,0.047619,,Not The Tommy Sandwich,Javonte Williams,RB,13,47,10.8,2,30.769231,,Tommy Approved,Raheem Mostert,RB,7,73,11.5,3.1,137.285714,,QB Tryouts,Melvin Gordon,RB,20,30,13.3,4.5,101.25,,Captain Dickhead,Rashaad Penny,RB,15,52,4.7,-3.9,-15,,Smokey McPot,Adrian Peterson,RB,7,98,7.3,-0.8,-7,,BR DEATH VALLEY,Jeremy Hill,RB,11,74,11.1,2.6,61.454545,,Bittah Commander,T.J. Yeldon,RB,11,77,11.5,2.4,52.363636
Wubba Lubba Dub Dub,Alexander Mattison,RB,18,8,7.4,-1.4,-18,,Tuff Swami,Josh Jacobs,RB,20,63,17.8,8.9,396.05,,Bittah Commander,Chase Edmonds,RB,9,46,10.2,1.4,21.777778,,Bittah Commander,Devin Singletary,RB,7,59,7.8,-0.6,-7,,Antonio Brown,Marlon Mack,RB,19,53,12.5,3.7,72.052632,,Tommy Approved,Jay Ajayi,RB,14,74,10.2,1.6,18.285714,,Type II Tommy,Danny Woodhead,RB,7,90,5.3,-2.8,-7,,Smokey McPot,Melvin Gordon,RB,10,6,17.7,9.2,846.4,,The Underdogs,Todd Gurley,RB,10,67,15.2,6.1,372.1
Lets Yeet This Wheat,James Cook,RB,16,61,12.4,3.6,81,,Lets Yeet This Wheat,J.K. Dobbins,RB,20,37,9.7,0.8,3.2,,Tommy Approved,Myles Gaskin,RB,9,43,8.8,0,-9,,Definitely Researched,David Montgomery,RB,6,69,15.9,7.5,937.5,,Rickest Rick,David Montgomery,RB,18,52,9.9,1.1,6.722222,,Tommy Approved,Mark Ingram II,RB,11,92,11,2.4,52.363636,,The Talented Mr. Ripley,Terrance West,RB,7,43,5.4,-2.7,-7,,Tuff Swami,DeMarco Murray,RB,9,79,16.7,8.2,747.111111,,Tommy Approved,Rashad Jennings,RB,8,79,9.4,0.3,1.125
Smoky McPot,Kenneth Walker III,RB,16,57,12.3,3.5,76.5625,,DEFINITELY NOT The Tommy!,Travis Etienne Jr.,RB,19,61,11,2.1,23.210526,,Tommy Approved,Darrell Henderson Jr.,RB,7,73,12.4,3.6,185.142857,,Better Than Sanjays Offer,Kareem Hunt,RB,5,60,12.5,4.1,336.2,,Rickest Rick,Mark Ingram II,RB,17,40,15.3,6.5,248.529412,,K.Hunt Punt,Tevin Coleman,RB,10,97,11.1,2.5,62.5,,The Talented Mr. Ripley,Darren McFadden,RB,6,106,-0.2,-8.3,-6,,Bittah Commander,Ryan Mathews,RB,9,77,10.6,2.1,49,,Bittah Commander,Ameer Abdullah,RB,7,115,6.5,-2.6,-7
Wubba Lubba Dub Dub,Javonte Williams,RB,16,39,9.7,0.9,5.0625,,Rookie Of The Year,David Montgomery,RB,15,58,10,1.1,8.066667,,I'm Austin !,Kareem Hunt,RB,7,61,12.4,3.6,185.142857,,Better Than Sanjays Offer,Latavius Murray,RB,4,121,8.3,-0.1,-4,,Picking Up MIA Players Cant Be,Phillip Lindsay,RB,13,54,11.3,2.5,48.076923,,Captain Dickhead,Dion Lewis,RB,9,78,8.2,-0.4,-9,,Bittah Commander,Ameer Abdullah,RB,6,94,8,-0.1,-6,,Tommy Approved,Latavius Murray,RB,9,76,13.7,5.2,300.444444,,I'm Gonna Need A Better,Giovani Bernard,RB,7,94,9.8,0.7,7
Lets Yeet This Wheat,Rachaad White,RB,16,33,13.9,5.1,162.5625,,Tommy Approved,AJ Dillon,RB,14,107,9,0.1,0.071429,,Not The Tommy Sandwich,Mike Davis,RB,6,89,6.8,-2,-6,,Wubba Lubba Dub Dub,Jordan Howard,RB,4,93,4.3,-4.1,-4,,Bittah Commander,Devin Singletary,RB,12,100,11.1,2.3,44.083333,,Bittah Commander,Ronald Jones,RB,8,72,1.9,-6.7,-8,,Type II Tommy,Thomas Rawls,RB,5,162,2.3,-5.8,-5,,BR DEATH VALLEY,Danny Woodhead,RB,7,96,12.1,3.6,185.142857,,I'm Gonna Need A Better,Joique Bell,RB,7,68,7.3,-1.8,-7
Champ - Missioner,James Conner,RB,14,76,14.5,5.7,232.071429,,Lets Yeet This Wheat,Clyde Edwards-Helaire,RB,10,73,9,0.1,0.1,,Bittah Commander,Raheem Mostert,RB,5,90,2,-6.8,-5,,Tuff Swami,Mark Ingram II,RB,4,86,4.5,-3.9,-4,,Tuff Swami,James White,RB,11,65,10.9,2.1,40.090909,,Tommy Approved,Marshawn Lynch,RB,7,77,11.9,3.3,155.571429,,Tuff Swami,Matt Forte,RB,5,115,8.5,0.4,3.2,,Definitely Not The Worst,Arian Foster,RB,6,100,4.1,-4.4,-6,,I'm Gonna Need A Better,Doug Martin,RB,6,59,13.5,4.4,322.666667
Futanari Quest,Miles Sanders,RB,11,60,4.6,-4.2,-11,,Name Change For Luck,Devin Singletary,RB,9,66,9.4,0.5,2.777778,,Definitely Researched,Damien Harris,RB,3,100,13.4,4.6,705.333333,,Better Than Sanjays Offer,J.K. Dobbins,RB,3,110,10.6,2.2,161.333333,,QB Tryouts,Carlos Hyde,RB,9,110,9.3,0.5,2.777778,,Tuff Swami,Duke Johnson Jr.,RB,6,105,6.8,-1.8,-6,,Wubba Lubba Dub Dub,Joe Mixon,RB,5,87,9,0.9,16.2,,Bittah Commander,Frank Gore,RB,6,93,12.2,3.7,228.166667,,Bid Over $9000,LeGarrette Blount,RB,4,91,10,0.9,20.25
Tommy Approved,J.K. Dobbins,RB,9,82,10.7,1.9,40.111111,,Stupid Cut-Rate Insurance,Elijah Mitchell,RB,9,65,8.4,-0.5,-9,,Late Auction Outbidders,Leonard Fournette,RB,2,130,15.8,7,2450,,QB Tryouts,Zack Moss,RB,2,143,7.3,-1.1,-2,,Tuff Swami,Tevin Coleman,RB,8,69,8.9,0.1,0.125,,K.Hunt Punt,Marlon Mack,RB,4,142,14.1,5.5,756.25,,Tommy Approved,Rob Kelley,RB,4,145,5.9,-2.2,-4,,Bittah Commander,Chris Ivory,RB,4,97,7.7,-0.8,-4,,The Talented Mr. Ripley,Arian Foster,RB,3,122,16.5,7.4,1825.333333
The Stairs,Jonathan Taylor,RB,9,51,14.7,5.9,386.777778,,Stupid Cut-Rate Insurance,Kareem Hunt,RB,8,87,6.4,-2.5,-8,,Late Auction Outbidders,James Conner,RB,2,125,15.9,7.1,2520.5,,QB Tryouts,Alexander Mattison,RB,2,138,6.2,-2.2,-2,,Bittah Commander,Austin Ekeler,RB,8,68,16.4,7.6,722,,K.Hunt Punt,Jamaal Williams,RB,3,139,6.3,-2.3,-3,,Definitely Not The Worst,Frank Gore,RB,4,101,9.9,1.8,81,,BR DEATH VALLEY,DeAngelo Williams,RB,4,87,10.1,1.6,64,,BR DEATH VALLEY,Shane Vereen,RB,3,113,8.1,-1,-3
Futanari Quest,Isiah Pacheco,RB,8,104,13.7,4.9,300.125,,Rookie Of The Year,Dameon Pierce,RB,6,96,11.6,2.7,121.5,,Not The Tommy Sandwich,Sony Michel,RB,2,110,8,-0.8,-2,,QB Tryouts,Tevin Coleman,RB,2,130,1.3,-7.1,-2,,Rickest Rick,Derrius Guice,RB,6,74,10.8,2,66.666667,,Definitely Researched,Kerryon Johnson,RB,3,120,12.3,3.7,456.333333,,Tommy Approved,Doug Martin,RB,3,167,6.5,-1.6,-3,,Tommy Approved,LeGarrette Blount,RB,3,152,14.3,5.8,1121.333333,,Bittah Commander,C.J. Spiller,RB,3,97,4.9,-4.2,-3
DEFINITELY NOT The Tommy!,Cam Akers,RB,8,77,5.9,-2.9,-8,,Tomm - Issioner,Antonio Gibson,RB,6,83,9.5,0.6,6,,Burnin Up ðŸ”¥ðŸ”¥ðŸ”¥ðŸ”¥,Melvin Gordon III,RB,2,91,11.3,2.5,312.5,,Wubba Lubba Dub Dub,Kerryon Johnson,RB,2,124,3.9,-4.5,-2,,Captain Dickhead,Tarik Cohen,RB,5,80,7.8,-1,-5,,Captain Dickhead,Sony Michel,RB,3,114,10.4,1.8,108,,Bittah Commander,Jacquizz Rodgers,RB,3,164,2.6,-5.5,-3,,Smokey McPot,Giovani Bernard,RB,3,110,10.3,1.8,108,,Bittah Commander,Chris Ivory,RB,3,95,12.5,3.4,385.333333
Researched? Definitely.,David Montgomery,RB,7,106,14.2,5.4,416.571429,,Tuff Swami,Tony Pollard,RB,5,106,14.3,5.4,583.2,,Tuff Swami,J.D. McKissic,RB,1,179,9.7,0.9,81,,Captain Dickhead,Tarik Cohen,RB,2,114,4.8,-3.6,-2,,Bittah Commander,Rashaad Penny,RB,3,97,7.1,-1.7,-3,,Captain Dickhead,Rex Burkhead,RB,3,111,5.3,-3.3,-3,,Definitely Not The Worst,Theo Riddick,RB,3,116,8,-0.1,-3,,Definitely Not The Worst,Rashad Jennings,RB,3,109,9.3,0.8,21.333333,,The Underdogs,Bishop Sankey,RB,2,128,3.9,-5.2,-2
Tommy Approved,Khalil Herbert,RB,6,133,8.5,-0.3,-6,,Stupid Cut-Rate Insurance,Chase Edmonds,RB,5,105,5.1,-3.8,-5,,Tommy Approved,Nyheim Hines,RB,1,178,5.4,-3.4,-1,,Wubba Lubba Dub Dub,Darrell Henderson Jr.,RB,2,107,8.2,-0.2,-2,,Bittah Commander,Miles Sanders,RB,3,75,12.1,3.3,363,,Tuff Swami,Latavius Murray,RB,3,86,7.6,-1,-3,,Type II Tommy,Giovani Bernard,RB,3,113,8.1,0,-3,,BR DEATH VALLEY,Duke Johnson Jr.,RB,3,103,7.4,-1.1,-3,,Tuff Swami,Devonta Freeman,RB,2,127,18.7,9.6,4608
Team Vinegar Strokes,Dalvin Cook,RB,6,98,2.2,-6.6,-6,,Stupid Cut-Rate Insurance,Miles Sanders,RB,5,75,12.2,3.3,217.8,,Burnin Up ðŸ”¥ðŸ”¥ðŸ”¥ðŸ”¥,Phillip Lindsay,RB,1,173,3.1,-5.7,-1,,QB Tryouts,Phillip Lindsay,RB,2,82,5.7,-2.7,-2,,Tuff Swami,Matt Breida,RB,2,112,7.2,-1.6,-2,,Tuff Swami,Carlos Hyde,RB,2,147,6.7,-1.9,-2,,Wubba Lubba Dub Dub,Mike Gillislee,RB,3,110,7.6,-0.5,-3,,The Talented Mr. Ripley,Isaiah Crowell,RB,2,146,11.6,3.1,480.5,,Bittah Commander,Charles Sims,RB,2,124,9.7,0.6,18
The Stairs,Alvin Kamara,RB,6,83,15,6.2,640.666667,,Stupid Cut-Rate Insurance,Rashaad Penny,RB,4,113,10,1.1,30.25,,Tommy Approved,James White,RB,1,164,8.4,-0.4,-1,,B2B Tommy B2B,Duke Johnson,RB,1,183,6.4,-2,-1,,Definitely Researched,Darrell Henderson Jr.,RB,2,105,1.6,-7.2,-2,,Jerry Smith,Tarik Cohen,RB,2,141,12.4,3.8,722,,Tuff Swami,Latavius Murray,RB,2,185,9.4,1.3,84.5,,Smokey McPot,Charles Sims,RB,2,141,8,-0.5,-2,,Tuff Swami,Alfred Blue,RB,2,123,6.5,-2.6,-2
Tuff Swami,Antonio Gibson,RB,5,118,6.5,-2.3,-5,,Tuff Swami,Damien Harris,RB,4,98,7.5,-1.4,-4,,Definitely Researched,Devin Singletary,RB,1,163,10.5,1.7,289,,Wubba Lubba Dub Dub,Sony Michel,RB,1,182,8,-0.4,-1,,Antonio Brown,Latavius Murray,RB,2,104,8.8,0,-2,,Tommy Approved,Chris Thompson,RB,2,119,7.1,-1.5,-2,,Ben Da Knee,James White,RB,2,171,7.6,-0.5,-2,,Tommy Approved,Ameer Abdullah,RB,2,120,12.2,3.7,684.5,,Tuff Swami,Tre Mason,RB,2,117,3.3,-5.8,-2
Smoky McPot,Jerick McKinnon,RB,4,115,6,-2.8,-4,,Tomm - Issioner,Cordarrelle Patterson,RB,4,97,11.1,2.2,121,,Definitely Not The Tommy,Tony Pollard,RB,1,161,9.5,0.7,49,,Wubba Lubba Dub Dub,Adrian Peterson,RB,1,176,7.4,-1,-1,,Picking Up MIA Players Cant Be,Royce Freeman,RB,2,90,7.5,-1.3,-2,,Jerry Smith,Doug Martin,RB,2,106,6.9,-1.7,-2,,Tuff Swami,Jonathan Stewart,RB,2,157,7.5,-0.6,-2,,The Talented Mr. Ripley,Justin Forsett,RB,2,113,5.7,-2.8,-2,,Mow Likes Hairy Manly Nipples,Darren McFadden,RB,2,110,11,1.9,180.5
Smoky McPot,D'Andre Swift,RB,4,87,11.2,2.4,144,,Rookie Of The Year,Kenneth Walker III,RB,3,129,12.6,3.7,456.333333,,Bittah Commander,Rhamondre Stevenson,RB,1,160,9,0.2,4,,Wubba Lubba Dub Dub,Justin Jackson,RB,1,170,6.2,-2.2,-1,,Bittah Commander,Kenyan Drake,RB,2,70,13.5,4.7,1104.5,,Jerry Smith,Nick Chubb,RB,2,96,11.5,2.9,420.5,,Definitely Not The Worst,Dion Lewis,RB,2,143,11.3,3.2,512,,Devonta Belongs To Me Now,T.J. Yeldon,RB,2,98,7.5,-1,-2,,In Devontafreem An We Trust,Tevin Coleman,RB,2,84,3.5,-5.6,-2
Champ - Missioner,De'Von Achane,RB,3,170,16.1,7.3,1776.333333,,Lets Yeet This Wheat,Rhamondre Stevenson,RB,3,103,12.6,3.7,456.333333,,Tuff Swami,Zack Moss,RB,1,150,7.2,-1.6,-1,,Tommy Approved,Malcolm Brown,RB,1,169,6.1,-2.3,-1,,Picking Up MIA Players Cant Be,Justice Hill,RB,1,181,2.8,-6,-1,,Captain Dickhead,Kalen Ballage,RB,2,39,2.8,-5.8,-2,,How Bout Dem Saints!,C.J. Prosise,RB,2,136,2.8,-5.3,-2,,Tommy Approved,Matt Jones,RB,2,90,10.2,1.7,144.5,,The Talented Mr. Ripley,Ronnie Hillman,RB,1,187,9.3,0.2,4
Lets Yeet This Wheat,Brian Robinson Jr.,RB,3,134,12,3.2,341.333333,,Tuff Swami,Brian Robinson Jr.,RB,2,139,9,0.1,0.5,,Definitely Researched,Ty'Son Williams,RB,1,139,4.7,-4.1,-1,,Bittah Commander,Tony Pollard,RB,1,168,6.7,-1.7,-1,,Captain Dickhead,Chris Thompson,RB,1,177,6.6,-2.2,-1,,H-Town Smackdown,Theo Riddick,RB,1,178,6.1,-2.5,-1,,Wubba Lubba Dub Dub,Jamaal Charles,RB,2,119,4,-4.1,-2,,The Talented Mr. Ripley,Ka'Deem Carey,RB,1,188,1.7,-6.8,-1,,The Underdogs,James White,RB,1,185,7.3,-1.8,-1
Team Vinegar Strokes,Samaje Perine,RB,3,126,5.7,-3.1,-3,,Tomm - Issioner,Melvin Gordon III,RB,2,138,7.5,-1.4,-2,,I'm Austin !,Jamaal Williams,RB,1,135,8.2,-0.6,-1,,Tommy Approved,AJ Dillon,RB,1,162,3.6,-4.8,-1,,Captain Dickhead,Dion Lewis,RB,1,171,3.4,-5.4,-1,,Sanjay Approved,Peyton Barber,RB,1,172,8.8,0.2,4,,Tommy Approved,C.J. Anderson,RB,2,112,10.1,2,200,,The Talented Mr. Ripley,Chris Johnson,RB,1,181,3.9,-4.6,-1,,BR DEATH VALLEY,Jonas Gray,RB,1,183,3.6,-5.5,-1
Futanari Quest,Ezekiel Elliott,RB,2,148,8.8,0,-2,,Name Change For Luck,James Robinson,RB,2,137,7.6,-1.3,-2,,Bittah Commander,Michael Carter,RB,1,134,9.7,0.9,81,,Wubba Lubba Dub Dub,Damien Harris,RB,1,156,8.9,0.5,25,,QB Tryouts,Lamar Miller,RB,1,168,0,-8.8,-1,,Wubba Lubba Dub Dub,Aaron Jones,RB,1,170,13.2,4.6,2116,,Wubba Lubba Dub Dub,Charles Sims,RB,1,190,3.5,-4.6,-1,,I Got Outscored By The Tommy.,Shane Vereen,RB,1,180,6.5,-2,-1,,In Devontafreem An We Trust,David Johnson,RB,1,182,12,2.9,841
Champ - Missioner,Jamaal Williams,RB,2,144,4,-4.8,-2,,DEFINITELY NOT The Tommy!,Michael Carter,RB,2,116,6.6,-2.3,-2,,Burnin Up ðŸ”¥ðŸ”¥ðŸ”¥ðŸ”¥,David Johnson,RB,1,133,5,-3.8,-1,,Tommy Approved,Chris Thompson,RB,1,155,4.1,-4.3,-1,,Rickest Rick,Kalen Ballage,RB,1,167,3.7,-5.1,-1,,Bittah Commander,Derrius Guice,RB,1,168,0,-8.6,-1,,Tommy Approved,Kareem Hunt,RB,1,182,16.8,8.7,7569,,Definitely Not The Worst,James White,RB,1,179,8.2,-0.3,-1,,Bid Over $9000,Jay Ajayi,RB,1,175,4.4,-4.7,-1
DEFINITELY NOT The Tommy!,Zach Charbonnet,RB,2,136,5.6,-3.2,-2,,I'm Austin !,J.D. McKissic,RB,1,193,4.7,-4.2,-1,,Tuff Swami,Ronald Jones II,RB,1,132,4.9,-3.9,-1,,Rickest Rick,Matt Breida,RB,1,149,3.1,-5.3,-1,,Picking Up MIA Players Cant Be,Tony Pollard,RB,1,162,5.4,-3.4,-1,,Definitely Researched,Chris Ivory,RB,1,166,5.5,-3.1,-1,,Ben Da Knee,Chris Thompson,RB,1,160,13.2,5.1,2601,,I Got Outscored By The Tommy.,Alfred Morris,RB,1,175,2.8,-5.7,-1,,The Talented Mr. Ripley,Daniel Herron,RB,1,173,1.7,-7.4,-1
DEFINITELY NOT The Tommy!,Raheem Mostert,RB,2,121,17,8.2,3362,,Tomm - Issioner,Marlon Mack,RB,1,189,4.3,-4.6,-1,,Definitely Not The Tommy,AJ Dillon,RB,1,128,9.9,1.1,121,,Wubba Lubba Dub Dub,Ryquell Armstead,RB,1,148,0,-8.4,-1,,Wubba Lubba Dub Dub,Adrian Peterson,RB,1,157,8.7,-0.1,-1,,Sanjay Approved,Chris Carson,RB,1,161,13.7,5.1,2601,,Bittah Commander,D'Onta Foreman,RB,1,155,5.4,-2.7,-1,,Definitely Not The Worst,Dion Lewis,RB,1,174,6.6,-1.9,-1,,In Devontafreem An We Trust,David Cobb,RB,1,171,3,-6.1,-1
Tommy Approved,Rashaad Penny,RB,2,119,1.4,-7.4,-2,,Name Change For Luck,Mark Ingram II,RB,1,178,4.2,-4.7,-1,,Late Auction Outbidders,Kenyan Drake,RB,1,127,7.3,-1.5,-1,,Tommy Approved,Antonio Gibson,RB,1,147,13.2,4.8,2304,,Definitely Researched,Jalen Richard,RB,1,152,4.1,-4.7,-1,,H-Town Smackdown,Devontae Booker,RB,1,158,4.3,-4.3,-1,,Tommy Approved,Darren Sproles,RB,1,149,5,-3.1,-1,,The Talented Mr. Ripley,Tim Hightower,RB,1,170,7.2,-1.3,-1,,Mow Likes Hairy Manly Nipples,Khiry Robinson,RB,1,169,7.8,-1.3,-1
Team Vinegar Strokes,AJ Dillon,RB,2,110,7.1,-1.7,-2,,Tomm - Issioner,Kenneth Gainwell,RB,1,173,4.5,-4.4,-1,,Tommy Approved,Trey Sermon,RB,1,121,4.5,-4.3,-1,,Tuff Swami,Boston Scott,RB,1,134,5.2,-3.2,-1,,Wubba Lubba Dub Dub,Kareem Hunt,RB,1,147,9.2,0.4,16,,Sanjay Approved,Samaje Perine,RB,1,155,1,-7.6,-1,,Wubba Lubba Dub Dub,Duke Johnson Jr.,RB,1,135,11.2,3.1,961,,Bittah Commander,Christine Michael,RB,1,165,8.4,-0.1,-1,,Bid Over $9000,Terrance West,RB,1,168,2.9,-6.2,-1
Wubba Lubba Dub Dub,Latavius Murray,RB,1,204,4.7,-4.1,-1,,Team HUNTER,Darrell Henderson Jr.,RB,1,168,6.5,-2.4,-1,,Bittah Commander,Davante Adams,WR,56,7,17.7,10,178.571429,,B2B Tommy B2B,Marlon Mack,RB,1,133,7.1,-1.3,-1,,Definitely Researched,LeSean McCoy,RB,1,142,8,-0.8,-1,,Jerry Smith,Giovani Bernard,RB,1,151,6.5,-2.1,-1,,Ben Da Knee,Paul Perkins,RB,1,102,1.6,-6.5,-1,,Tuff Swami,James Starks,RB,1,162,5.5,-3,-1,,Tommy Approved,Reggie Bush,RB,1,166,1.3,-7.8,-1
Researched? Definitely.,Evan Hull,RB,1,202,1.2,-7.6,-1,,Team Vinegar Strokes,Zamir White,RB,1,167,0.6,-8.3,-1,,Late Auction Outbidders,Tyreek Hill,WR,55,16,14.2,6.5,76.818182,,Rickest Rick,Leonard Fournette,RB,1,132,8.8,0.4,16,,QB Tryouts,Ronald Jones II,RB,1,141,9.4,0.6,36,,Tuff Swami,James White,RB,1,150,14.6,6,3600,,Definitely Not The Worst,Antonio Brown,WR,62,5,18.6,11.6,217.032258,,I Got Outscored By The Tommy.,Devontae Booker,RB,1,161,8,-0.5,-1,,The Talented Mr. Ripley,Jerick McKinnon,RB,1,165,4.6,-4.5,-1
Researched? Definitely.,Deon Jackson,RB,1,196,0.8,-8,-1,,Tomm - Issioner,Samaje Perine,RB,1,165,7.7,-1.2,-1,,Not The Tommy Sandwich,Stefon Diggs,WR,52,14,13.8,6.1,71.557692,,Definitely Researched,James White,RB,1,106,6.6,-1.8,-1,,Antonio Brown,Nyheim Hines,RB,1,138,6,-2.8,-1,,Bittah Commander,Ty Montgomery,RB,1,149,4.5,-4.1,-1,,Smokey McPot,Julio Jones,WR,58,20,13,6,62.068966,,Tommy Approved,Tevin Coleman,RB,1,160,13.5,5,2500,,In Devontafreem An We Trust,Denard Robinson,RB,1,163,4.4,-4.7,-1
DEFINITELY NOT The Tommy!,Kendre Miller,RB,1,189,4.8,-4,-1,,Name Change For Luck,Isaiah Spiller,RB,1,159,1.4,-7.5,-1,,Definitely Researched,DeAndre Hopkins,WR,41,19,12.6,4.9,58.560976,,Wubba Lubba Dub Dub,Tyreek Hill,WR,59,12,19,10.9,201.372881,,Definitely Researched,Darwin Thompson,RB,1,132,2.3,-6.5,-1,,Tommy Approved,Isaiah Crowell,RB,1,104,10,1.4,196,,Wubba Lubba Dub Dub,Odell Beckham Jr.,WR,54,15,15.4,8.4,130.666667,,The Talented Mr. Ripley,Jerick McKinnon,RB,1,154,8.5,0,-1,,Bid Over $9000,Theo Riddick,RB,1,160,8.7,-0.4,-1
DEFINITELY NOT The Tommy!,Jeff Wilson Jr.,RB,1,183,3.4,-5.4,-1,,I'm Austin !,Raheem Mostert,RB,1,158,9.6,0.7,49,,Definitely Not The Tommy,Calvin Ridley,WR,38,34,11.1,3.4,30.421053,,QB Tryouts,Davante Adams,WR,52,23,21.5,13.4,345.307692,,Wubba Lubba Dub Dub,Jordan Howard,RB,1,107,10.6,1.8,324,,Tommy Approved,Antonio Brown,WR,61,27,18.1,10.6,184.196721,,Wubba Lubba Dub Dub,Mike Evans,WR,50,6,11.2,4.2,35.28,,Tuff Swami,Darren Sproles,RB,1,153,9.1,0.6,36,,In Devontafreem An We Trust,Knile Davis,RB,1,155,1.2,-7.9,-1
Lets Yeet This Wheat,Kenneth Gainwell,RB,1,182,5.2,-3.6,-1,,Team Vinegar Strokes,Mike Davis,RB,1,156,0.6,-8.3,-1,,Not The Tommy Sandwich,DK Metcalf,WR,36,29,12.2,4.5,56.25,,QB Tryouts,Michael Thomas,WR,51,9,9.1,1,1.960784,,Tuff Swami,Peyton Barber,RB,1,106,6.8,-2,-1,,Tuff Swami,DeAndre Hopkins,WR,55,21,17.3,9.8,174.618182,,Ben Da Knee,A.J. Green,WR,47,28,11.8,4.8,49.021277,,I Got Outscored By The Tommy.,Theo Riddick,RB,1,133,13.5,5,2500,,Bid Over $9000,DeAngelo Williams,RB,1,152,13.2,4.1,1681
Tuff Swami,Damien Harris,RB,1,181,2.6,-6.2,-1,,DEFINITELY NOT The Tommy!,Rachaad White,RB,1,153,6.7,-2.2,-1,,Late Auction Outbidders,Justin Jefferson,WR,36,26,16.3,8.6,205.444444,,Rickest Rick,DeAndre Hopkins,WR,50,10,14.4,6.3,79.38,,Rickest Rick,DeAndre Hopkins,WR,63,8,14.5,6.5,67.063492,,Tuff Swami,Julio Jones,WR,45,25,16.8,9.3,192.2,,Bittah Commander,Jordy Nelson,WR,43,40,7.4,0.4,0.372093,,Definitely Not The Worst,Jay Ajayi,RB,1,130,13.5,5,2500,,In Devontafreem An We Trust,Montee Ball,RB,1,146,0,-9.1,-1
Lessor Austin M.,Gus Edwards,RB,1,180,10.6,1.8,324,,Tommy Approved,Alexander Mattison,RB,1,151,4.8,-4.1,-1,,Not The Tommy Sandwich,A.J. Brown,WR,36,22,11.5,3.8,40.111111,,Captain Dickhead,Chris Godwin,WR,40,15,13.2,5.1,65.025,,Captain Dickhead,Michael Thomas,WR,57,9,18.8,10.8,204.631579,,Wubba Lubba Dub Dub,Odell Beckham Jr.,WR,43,10,16,8.5,168.023256,,Tommy Approved,Michael Thomas,WR,40,17,12.9,5.9,87.025,,Smokey McPot,Bilal Powell,RB,1,128,10.5,2,400,,Mow Likes Hairy Manly Nipples,Danny Woodhead,RB,1,144,12.7,3.6,1296
Tuff Swami,Joshua Kelley,RB,1,172,3.4,-5.4,-1,,Lets Yeet This Wheat,Jamaal Williams,RB,1,144,12.9,4,1600,,Tommy Approved,Keenan Allen,WR,33,37,12.8,5.1,78.818182,,Tommy Approved,Julio Jones,WR,38,28,13.4,5.3,73.921053,,Definitely Researched,Davante Adams,WR,51,12,14.3,6.3,77.823529,,Captain Dickhead,A.J. Green,WR,38,16,14,6.5,111.184211,,Tuff Swami,Dez Bryant,WR,39,10,9.5,2.5,16.025641,,Devonta Belongs To Me Now,Derrick Henry,RB,1,112,6.6,-1.9,-1,,Bid Over $9000,Fred Jackson,RB,1,143,3.9,-5.2,-1
Lessor Austin M.,Roschon Johnson,RB,1,171,5.7,-3.1,-1,,DEFINITELY NOT The Tommy!,Isiah Pacheco,RB,1,142,7.6,-1.3,-1,,Bittah Commander,CeeDee Lamb,WR,31,41,12.1,4.4,62.451613,,B2B Tommy B2B,Kenny Golladay,WR,35,27,11.2,3.1,27.457143,,Rickest Rick,Odell Beckham Jr.,WR,50,18,10.3,2.3,10.58,,H-Town Smackdown,Keenan Allen,WR,35,33,13.2,5.7,92.828571,,Bittah Commander,DeAndre Hopkins,WR,36,27,17.5,10.5,306.25,,Smokey McPot,Antonio Brown,WR,71,1,17,8.9,111.56338,,The Underdogs,Lorenzo Taliaferro,RB,1,142,5.4,-3.7,-1
Champ - Missioner,Tank Bigsby,RB,1,159,1.4,-7.4,-1,,DEFINITELY NOT The Tommy!,Nyheim Hines,RB,1,130,4.2,-4.7,-1,,Definitely Researched,Terry McLaurin,WR,29,30,10.3,2.6,23.310345,,QB Tryouts,JuJu Smith-Schuster,WR,35,20,11.6,3.5,35,,Bittah Commander,Tyreek Hill,WR,50,11,13.3,5.3,56.18,,Captain Dickhead,Mike Evans,WR,32,8,15.1,7.6,180.5,,Type II Tommy,T.Y. Hilton,WR,28,41,9.2,2.2,17.285714,,The Talented Mr. Ripley,Odell Beckham Jr.,WR,66,16,15.4,7.3,80.742424,,Tuff Swami,Darren Sproles,RB,1,141,7.6,-1.5,-1
Researched? Definitely.,Devin Singletary,RB,1,156,9,0.2,4,,I'm Austin !,James Cook,RB,1,124,5.7,-3.2,-1,,Definitely Not The Tommy,Allen Robinson II,WR,26,33,5.7,-2,-26,,Definitely Researched,Mike Evans,WR,32,29,13.4,5.3,87.78125,,Tuff Swami,Julio Jones,WR,48,16,15,7,102.083333,,K.Hunt Punt,Michael Thomas,WR,30,34,15.8,8.3,229.633333,,Tommy Approved,Amari Cooper,WR,26,65,9.6,2.6,26,,Smokey McPot,DeAndre Hopkins,WR,64,8,9.9,1.8,5.0625,,BR DEATH VALLEY,Andre Williams,RB,1,138,2.2,-6.9,-1
Researched? Definitely.,Elijah Mitchell,RB,1,145,4,-4.8,-1,,I'm Austin !,Cooper Kupp,WR,70,5,18.2,10.8,166.628571,,Tommy Approved,Tyler Lockett,WR,24,64,12.8,5.1,108.375,,Tommy Approved,DJ Moore,WR,28,38,11.9,3.8,51.571429,,Picking Up MIA Players Cant Be,JuJu Smith-Schuster,WR,46,17,7.7,-0.3,-46,,Definitely Researched,Davante Adams,WR,29,37,18.3,10.8,402.206897,,Ben Da Knee,Brandin Cooks,WR,26,60,11.8,4.8,88.615385,,I Got Outscored By The Tommy.,Julio Jones,WR,62,18,15.6,7.5,90.725806,,Bid Over $9000,Duke Johnson Jr.,RB,1,133,8.4,-0.7,-1
Futanari Quest,Tyler Allgeier,RB,1,140,7.6,-1.2,-1,,Lets Yeet This Wheat,Justin Jefferson,WR,68,3,17.9,10.5,162.132353,,Burnin Up ðŸ”¥ðŸ”¥ðŸ”¥ðŸ”¥,Diontae Johnson,WR,21,63,13.8,6.1,177.190476,,Captain Dickhead,Keenan Allen,WR,28,24,13.9,5.8,120.142857,,Captain Dickhead,Mike Evans,WR,44,19,15.3,7.3,121.113636,,H-Town Smackdown,Adam Thielen,WR,25,47,15.7,8.2,268.96,,Tuff Swami,Doug Baldwin,WR,25,69,11.6,4.6,84.64,,Definitely Not The Worst,A.J. Green,WR,61,19,15.3,7.2,84.983607,,In Devontafreem An We Trust,Ryan Mathews,RB,1,107,8.8,-0.3,-1
DEFINITELY NOT The Tommy!,Jaylen Warren,RB,1,131,9.8,1,100,,Team HUNTER,Ja'Marr Chase,WR,66,8,15.3,7.9,94.560606,,Burnin Up ðŸ”¥ðŸ”¥ðŸ”¥ðŸ”¥,Tee Higgins,WR,20,53,13,5.3,140.45,,Captain Dickhead,Amari Cooper,WR,25,30,11.9,3.8,57.76,,Wubba Lubba Dub Dub,Antonio Brown,WR,39,22,14.1,6.1,95.410256,,Sanjay Approved,Stefon Diggs,WR,25,42,14.4,6.9,190.44,,Definitely Not The Worst,Terrelle Pryor Sr.,WR,22,54,4.4,-2.6,-22,,BR DEATH VALLEY,Brandon Marshall,WR,49,20,8.4,0.3,0.183673,,Tuff Swami,Antonio Brown,WR,58,10,19.6,12.3,260.844828
Wubba Lubba Dub Dub,Justin Jefferson,WR,80,2,16.8,9.8,120.05,,Rookie Of The Year,Davante Adams,WR,58,13,16.8,9.4,152.344828,,Burnin Up ðŸ”¥ðŸ”¥ðŸ”¥ðŸ”¥,Robert Woods,WR,20,39,12.7,5,125,,B2B Tommy B2B,Adam Thielen,WR,22,49,14.5,6.4,186.181818,,Antonio Brown,Adam Thielen,WR,36,28,9.9,1.9,10.027778,,Sanjay Approved,T.Y. Hilton,WR,24,49,14.4,6.9,198.375,,Bittah Commander,Demaryius Thomas,WR,22,50,10.3,3.3,49.5,,Wubba Lubba Dub Dub,Allen Robinson,WR,42,7,10.2,2.1,10.5,,The Underdogs,Odell Beckham Jr.,WR,57,16,18.1,10.8,204.631579
Tuff Swami,Ja'Marr Chase,WR,76,10,13.3,6.3,52.223684,,Name Change For Luck,Stefon Diggs,WR,49,27,15.7,8.3,140.591837,,Bittah Commander,Amari Cooper,WR,18,51,11.2,3.5,68.055556,,Better Than Sanjays Offer,Allen Robinson II,WR,21,33,13.2,5.1,123.857143,,Tommy Approved,Robert Woods,WR,32,44,12.5,4.5,63.28125,,Jerry Smith,Tyreek Hill,WR,20,57,17.8,10.3,530.45,,The Talented Mr. Ripley,Allen Robinson,WR,20,21,2.2,-4.8,-20,,Wubba Lubba Dub Dub,Jordy Nelson,WR,38,25,16,7.9,164.236842,,The Talented Mr. Ripley,Jordy Nelson,WR,49,21,0,-7.3,-49
Wubba Lubba Dub Dub,Tyreek Hill,WR,71,15,19.8,12.8,230.760563,,Team Vinegar Strokes,CeeDee Lamb,WR,46,33,14.6,7.2,112.695652,,Bittah Commander,Chase Claypool,WR,17,72,9.1,1.4,11.529412,,Tuff Swami,Calvin Ridley,WR,20,48,15.8,7.7,296.45,,Bittah Commander,Stefon Diggs,WR,30,42,12,4,53.333333,,Bittah Commander,Brandin Cooks,WR,19,18,12.7,5.2,142.315789,,Bittah Commander,Julian Edelman,WR,20,13,0,-7,-20,,Wubba Lubba Dub Dub,Dez Bryant,WR,37,13,11.9,3.8,39.027027,,Tuff Swami,Julio Jones,WR,46,28,18.8,11.5,287.5
The Stairs,Davante Adams,WR,57,11,12.6,5.6,55.017544,,Team HUNTER,Deebo Samuel,WR,41,20,10.8,3.4,28.195122,,Late Auction Outbidders,Mike Evans,WR,17,50,14.1,6.4,240.941176,,B2B Tommy B2B,Odell Beckham Jr.,WR,19,35,10.8,2.7,38.368421,,Captain Dickhead,Keenan Allen,WR,30,26,13.1,5.1,86.7,,Jerry Smith,Larry Fitzgerald,WR,18,48,9.5,2,22.222222,,Definitely Not The Worst,Golden Tate,WR,19,31,11.2,4.2,92.842105,,Tommy Approved,Mike Evans,WR,33,31,16,7.9,189.121212,,Bid Over $9000,Demaryius Thomas,WR,46,20,13.4,6.1,80.891304
Lets Yeet This Wheat,Garrett Wilson,WR,55,18,9.7,2.7,13.254545,,Name Change For Luck,Tyreek Hill,WR,40,32,16.6,9.2,211.6,,Late Auction Outbidders,Chris Godwin,WR,16,56,13.8,6.1,232.5625,,QB Tryouts,Cooper Kupp,WR,15,55,10.8,2.7,48.6,,Tuff Swami,Brandin Cooks,WR,28,41,6.9,-1.1,-28,,Captain Dickhead,Josh Gordon,WR,17,26,9.9,2.4,33.882353,,The Talented Mr. Ripley,Michael Crabtree,WR,18,2,10.2,3.2,56.888889,,Tuff Swami,Amari Cooper,WR,31,38,11.9,3.8,46.580645,,Bittah Commander,Dez Bryant,WR,45,27,8.2,0.9,1.8
Researched? Definitely.,Stefon Diggs,WR,53,12,13,6,67.924528,,Tuff Swami,Tee Higgins,WR,37,48,12.4,5,67.567568,,Tuff Swami,Julio Jones,WR,15,44,6.5,-1.2,-15,,B2B Tommy B2B,Robert Woods,WR,14,56,12.5,4.4,138.285714,,Rickest Rick,Amari Cooper,WR,28,34,12.9,4.9,85.75,,Captain Dickhead,Marvin Jones Jr.,WR,16,50,10.9,3.4,72.25,,Wubba Lubba Dub Dub,Alshon Jeffery,WR,18,1,10.5,3.5,68.055556,,I Got Outscored By The Tommy.,Alshon Jeffery,WR,31,5,10,1.9,11.645161,,The Underdogs,Calvin Johnson,WR,42,30,13.6,6.3,94.5
Lessor Austin M.,A.J. Brown,WR,52,20,13.9,6.9,91.557692,,DEFINITELY NOT The Tommy!,DJ Moore,WR,36,51,9.9,2.5,17.361111,,I'm Austin !,Cooper Kupp,WR,14,42,21.6,13.9,1380.071429,,Definitely Researched,Courtland Sutton,WR,14,40,8.1,0,-14,,QB Tryouts,Kenny Golladay,WR,26,51,13.5,5.5,116.346154,,K.Hunt Punt,Doug Baldwin,WR,15,69,9,1.5,15,,How Bout Dem Saints!,Keenan Allen,WR,17,67,14.2,7.2,304.941176,,BR DEATH VALLEY,Sammy Watkins,WR,30,36,8.6,0.5,0.833333,,Bittah Commander,A.J. Green,WR,37,37,14.4,7.1,136.243243
Team Vinegar Strokes,CeeDee Lamb,WR,52,16,19.7,12.7,310.173077,,Tommy Approved,Mike Williams,WR,34,55,11.2,3.8,42.470588,,(EAU) Eat Ass University,Jerry Jeudy,WR,13,79,6.6,-1.1,-13,,Rickest Rick,A.J. Brown,WR,13,52,15.2,7.1,387.769231,,Tuff Swami,Tyler Lockett,WR,26,46,12.1,4.1,64.653846,,Bittah Commander,Amari Cooper,WR,15,68,11.9,4.4,129.066667,,Bittah Commander,Sammy Watkins,WR,17,4,8.5,1.5,13.235294,,I Got Outscored By The Tommy.,Keenan Allen,WR,29,37,9.3,1.2,4.965517,,Bid Over $9000,Randall Cobb,WR,34,36,10.2,2.9,24.735294
DEFINITELY NOT The Tommy!,Cooper Kupp,WR,48,4,11.2,4.2,36.75,,Stupid Cut-Rate Insurance,Michael Pittman Jr.,WR,31,23,10.4,3,29.032258,,Definitely Not The Tommy,DJ Moore,WR,12,62,11.2,3.5,102.083333,,Bittah Commander,Jarvis Landry,WR,13,34,10.1,2,30.769231,,Definitely Researched,Alshon Jeffery,WR,22,58,10.1,2.1,20.045455,,K.Hunt Punt,Demaryius Thomas,WR,15,58,8.5,1,6.666667,,The Talented Mr. Ripley,Kelvin Benjamin,WR,16,78,7.9,0.9,5.0625,,Tommy Approved,Demaryius Thomas,WR,21,56,11.3,3.2,48.761905,,BR DEATH VALLEY,Alshon Jeffery,WR,31,38,14.6,7.3,171.903226
DEFINITELY NOT The Tommy!,Amon-Ra St. Brown,WR,46,19,17,10,217.391304,,DEFINITELY NOT The Tommy!,A.J. Brown,WR,30,45,15,7.6,192.533333,,I'm Austin !,Brandon Aiyuk,WR,12,55,8.4,0.7,4.083333,,Tuff Swami,A.J. Green,WR,12,54,5.5,-2.6,-12,,Picking Up MIA Players Cant Be,T.Y. Hilton,WR,19,49,10.3,2.3,27.842105,,Tommy Approved,Golden Tate,WR,15,31,9.7,2.2,32.266667,,Type II Tommy,Emmanuel Sanders,WR,15,81,7.6,0.6,2.4,,I Got Outscored By The Tommy.,T.Y. Hilton,WR,21,47,14.3,6.2,183.047619,,In Devontafreem An We Trust,Emmanuel Sanders,WR,30,47,12.4,5.1,86.7
Smoky McPot,Jaylen Waddle,WR,45,26,11.6,4.6,47.022222,,Tomm - Issioner,Keenan Allen,WR,27,46,13.1,5.7,120.333333,,Tuff Swami,Adam Thielen,WR,11,54,12.8,5.1,236.454545,,Tommy Approved,Terry McLaurin,WR,10,85,12,3.9,152.1,,Tommy Approved,Julian Edelman,WR,19,37,12.9,4.9,126.368421,,K.Hunt Punt,Chris Hogan,WR,14,93,5.5,-2,-14,,Smokey McPot,Brandon Marshall,WR,15,64,4.9,-2.1,-15,,Definitely Not The Worst,Jarvis Landry,WR,20,54,11.5,3.4,57.8,,In Devontafreem An We Trust,T.Y. Hilton,WR,27,41,11.1,3.8,53.481481
Tommy Approved,Chris Olave,WR,39,48,11.7,4.7,56.641026,,I'm Austin !,Mike Evans,WR,26,47,12.5,5.1,100.038462,,I'm Austin !,Kenny Golladay,WR,9,48,5,-2.7,-9,,Tuff Swami,Tyler Lockett,WR,9,53,13.5,5.4,324,,QB Tryouts,Chris Godwin,WR,18,55,16.7,8.7,420.5,,Bittah Commander,Allen Robinson,WR,14,59,9.7,2.2,34.571429,,Type II Tommy,Davante Adams,WR,15,61,13.3,6.3,264.6,,Smokey McPot,Doug Baldwin,WR,20,42,12.9,4.8,115.2,,I'm Gonna Need A Better,Mike Evans,WR,25,43,11.6,4.3,73.96
Researched? Definitely.,DK Metcalf,WR,39,34,12,5,64.102564,,Tomm - Issioner,Marquise Brown,WR,19,71,10.2,2.8,41.263158,,Tuff Swami,JuJu Smith-Schuster,WR,6,71,5.5,-2.2,-6,,Better Than Sanjays Offer,DK Metcalf,WR,8,50,14.4,6.3,496.125,,Wubba Lubba Dub Dub,Cooper Kupp,WR,18,36,14,6,200,,H-Town Smackdown,Emmanuel Sanders,WR,14,28,13.6,6.1,265.785714,,How Bout Dem Saints!,Tyreek Hill,WR,15,11,13.4,6.4,273.066667,,Bittah Commander,Randall Cobb,WR,19,64,9.1,1,5.263158,,Mow Likes Hairy Manly Nipples,Brandin Cooks,WR,21,26,13.2,5.9,165.761905
Futanari Quest,Tee Higgins,WR,34,28,9.7,2.7,21.441176,,Stupid Cut-Rate Insurance,Terry McLaurin,WR,18,54,11.2,3.8,80.222222,,Tommy Approved,Brandin Cooks,WR,5,81,11.7,4,320,,Tommy Approved,DJ Chark Jr.,WR,7,92,9.8,1.7,41.285714,,Tuff Swami,Calvin Ridley,WR,16,66,12.7,4.7,138.0625,,Bittah Commander,Alshon Jeffery,WR,13,76,11.8,4.3,142.230769,,Smokey McPot,Jamison Crowder,WR,14,79,8.5,1.5,16.071429,,Tuff Swami,Julian Edelman,WR,18,51,11.3,3.2,56.888889,,I'm Gonna Need A Better,Jordan Matthews,WR,18,56,11.8,4.5,112.5
Tommy Approved,DeVonta Smith,WR,31,32,11.7,4.7,71.258065,,Rookie Of The Year,DK Metcalf,WR,17,69,10.7,3.3,64.058824,,Bittah Commander,Odell Beckham Jr.,WR,5,69,7.7,0,-5,,Wubba Lubba Dub Dub,T.Y. Hilton,WR,6,78,9.1,1,16.666667,,Antonio Brown,Mike Williams,WR,16,59,9.1,1.1,7.5625,,Tommy Approved,Michael Crabtree,WR,12,88,6.6,-0.9,-12,,Tommy Approved,Jarvis Landry,WR,13,75,12.8,5.8,258.769231,,Tommy Approved,Brandin Cooks,WR,18,49,13,4.9,133.388889,,Tommy Approved,DeAndre Hopkins,WR,18,53,17.2,9.9,544.5
Tommy Approved,Calvin Ridley,WR,29,42,11.3,4.3,63.758621,,Lets Yeet This Wheat,Brandin Cooks,WR,17,60,9,1.6,15.058824,,I'm Austin !,Ja'Marr Chase,WR,4,99,15.5,7.8,1521,,Rickest Rick,Stefon Diggs,WR,6,68,16.6,8.5,1204.166667,,Antonio Brown,DJ Moore,WR,14,64,12.5,4.5,144.642857,,Definitely Researched,Jarvis Landry,WR,12,56,11,3.5,102.083333,,Tuff Swami,Larry Fitzgerald,WR,12,77,12.9,5.9,290.083333,,The Talented Mr. Ripley,Kelvin Benjamin,WR,18,23,10.4,2.3,29.388889,,In Devontafreem An We Trust,Kelvin Benjamin,WR,17,44,0,-7.3,-17
Smoky McPot,Amari Cooper,WR,28,44,12.7,5.7,116.035714,,Tommy Approved,Courtland Sutton,WR,16,42,8.5,1.1,7.5625,,Not The Tommy Sandwich,DeVonta Smith,WR,4,94,9,1.3,42.25,,Definitely Researched,Marquise Brown,WR,5,87,9.6,1.5,45,,Antonio Brown,Allen Robinson II,WR,13,48,12.9,4.9,184.692308,,Jerry Smith,Will Fuller V,WR,10,89,12.9,5.4,291.6,,The Talented Mr. Ripley,Willie Snead,WR,12,71,1,-6,-12,,Bittah Commander,Golden Tate,WR,14,63,11.1,3,64.285714,,Mow Likes Hairy Manly Nipples,Andre Johnson,WR,14,69,5.9,-1.4,-14
Champ - Missioner,Diontae Johnson,WR,23,45,9.8,2.8,34.086957,,DEFINITELY NOT The Tommy!,Allen Robinson II,WR,15,90,6.8,-0.6,-15,,Late Auction Outbidders,William Fuller V,WR,3,107,3.3,-4.4,-3,,Tuff Swami,Brandin Cooks,WR,4,113,12.8,4.7,552.25,,Bittah Commander,Dede Westbrook,WR,12,73,8.2,0.2,0.333333,,Sanjay Approved,JuJu Smith-Schuster,WR,10,60,15.1,7.6,577.6,,Definitely Not The Worst,Eric Decker,WR,10,74,5.6,-1.4,-10,,Devonta Belongs To Me Now,Larry Fitzgerald,WR,13,66,11.9,3.8,111.076923,,The Talented Mr. Ripley,Julian Edelman,WR,14,64,15.8,8.5,516.071429
Champ - Missioner,Keenan Allen,WR,22,64,17.3,10.3,482.227273,,DEFINITELY NOT The Tommy!,Gabe Davis,WR,15,81,9.8,2.4,38.4,,Definitely Not The Tommy,Antonio Brown,WR,3,101,14.3,6.6,1452,,Tuff Swami,Marvin Jones Jr.,WR,4,95,11.9,3.8,361,,QB Tryouts,Tyler Boyd,WR,12,60,11.1,3.1,80.083333,,Tommy Approved,Corey Davis,WR,7,99,9.4,1.9,51.571429,,How Bout Dem Saints!,DeSean Jackson,WR,9,76,8.1,1.1,13.444444,,Bittah Commander,Jeremy Maclin,WR,13,62,7.3,-0.8,-13,,The Talented Mr. Ripley,Keenan Allen,WR,13,51,16,8.7,582.230769
Futanari Quest,Deebo Samuel,WR,21,50,14.2,7.2,246.857143,,Tuff Swami,Adam Thielen,WR,15,78,8.5,1.1,8.066667,,Not The Tommy Sandwich,Jaylen Waddle,WR,3,83,12.1,4.4,645.333333,,Better Than Sanjays Offer,DeVante Parker,WR,4,89,9.6,1.5,56.25,,Definitely Researched,Josh Gordon,WR,9,45,5.6,-2.4,-9,,K.Hunt Punt,Robert Woods,WR,7,79,13.9,6.4,585.142857,,Ben Da Knee,Jeremy Maclin,WR,8,97,6.8,-0.2,-8,,Devonta Belongs To Me Now,Allen Hurns,WR,12,91,7.6,-0.5,-12,,BR DEATH VALLEY,Brandon Marshall,WR,12,76,17.8,10.5,918.75
Researched? Definitely.,Chris Godwin,WR,17,66,9.9,2.9,49.470588,,Name Change For Luck,Allen Lazard,WR,13,89,9.7,2.3,40.692308,,Not The Tommy Sandwich,Laviska Shenault Jr.,WR,3,82,6,-1.7,-3,,Captain Dickhead,Will Fuller V,WR,4,83,14.8,6.7,1122.25,,Bittah Commander,A.J. Green,WR,7,83,0,-8,-7,,Jerry Smith,Jordy Nelson,WR,6,117,8.3,0.8,10.666667,,Tuff Swami,Tyrell Williams,WR,7,120,7.3,0.3,1.285714,,I Got Outscored By The Tommy.,Eric Decker,WR,12,46,12,3.9,126.75,,In Devontafreem An We Trust,DeSean Jackson,WR,12,50,10,2.7,60.75
Lessor Austin M.,DeAndre Hopkins,WR,16,67,10.9,3.9,95.0625,,DEFINITELY NOT The Tommy!,Diontae Johnson,WR,12,56,8.1,0.7,4.083333,,Definitely Researched,Tyler Boyd,WR,3,80,9.4,1.7,96.333333,,Better Than Sanjays Offer,Tyler Boyd,WR,4,79,10.2,2.1,110.25,,Bittah Commander,Sammy Watkins,WR,7,56,8,0,-7,,Tommy Approved,Marquise Goodwin,WR,6,94,6.9,-0.6,-6,,Ben Da Knee,Donte Moncrief,WR,7,118,5.3,-1.7,-7,,Tuff Swami,Josh Gordon,WR,10,111,0,-8.1,-10,,BR DEATH VALLEY,Golden Tate,WR,11,86,10.3,3,81.818182
Lessor Austin M.,Christian Watson,WR,15,65,9.7,2.7,48.6,,Tomm - Issioner,Chris Godwin,WR,11,91,11.4,4,145.454545,,Burnin Up ðŸ”¥ðŸ”¥ðŸ”¥ðŸ”¥,Robby Anderson,WR,3,78,6.6,-1.1,-3,,Better Than Sanjays Offer,Diontae Johnson,WR,3,126,11.9,3.8,481.333333,,Tommy Approved,Marvin Jones Jr.,WR,6,88,12.5,4.5,337.5,,Bittah Commander,Devin Funchess,WR,6,87,7.2,-0.3,-6,,The Talented Mr. Ripley,Stefon Diggs,WR,7,93,11.9,4.9,343,,Tuff Swami,Jordan Matthews,WR,10,92,9.6,1.5,22.5,,Tommy Approved,Jarvis Landry,WR,11,80,13.4,6.1,338.272727
Smoky McPot,DJ Moore,WR,14,62,14,7,350,,Lets Yeet This Wheat,Amon-Ra St. Brown,WR,11,57,13.4,6,327.272727,,Late Auction Outbidders,Darnell Mooney,WR,2,129,10.5,2.8,392,,Rickest Rick,CeeDee Lamb,WR,3,105,11.3,3.2,341.333333,,Tommy Approved,Christian Kirk,WR,5,96,10.3,2.3,105.8,,Tommy Approved,Sammy Watkins,WR,6,80,9.5,2,66.666667,,The Talented Mr. Ripley,Cameron Meredith,WR,6,114,0,-7,-6,,BR DEATH VALLEY,Donte Moncrief,WR,9,72,9.7,1.6,28.444444,,BR DEATH VALLEY,Sammy Watkins,WR,11,54,14.5,7.2,471.272727
Champ - Missioner,Mike Evans,WR,13,84,14.3,7.3,409.923077,,Lets Yeet This Wheat,Rashod Bateman,WR,10,85,7.7,0.3,0.9,,Late Auction Outbidders,Henry Ruggs III,WR,2,120,10.4,2.7,364.5,,Definitely Researched,Michael Gallup,WR,3,94,9,0.9,27,,Definitely Researched,Emmanuel Sanders,WR,5,95,9.3,1.3,33.8,,H-Town Smackdown,Cooper Kupp,WR,5,118,14.4,6.9,952.2,,The Talented Mr. Ripley,Randall Cobb,WR,6,82,8.4,1.4,32.666667,,I Got Outscored By The Tommy.,Michael Floyd,WR,9,44,6.5,-1.6,-9,,BR DEATH VALLEY,Amari Cooper,WR,10,70,11,3.7,136.9
Tuff Swami,Tyler Lockett,WR,12,96,9.6,2.6,56.333333,,Team HUNTER,Michael Thomas,WR,10,77,14.4,7,490,,Late Auction Outbidders,Marquise Brown,WR,2,116,11.3,3.6,648,,Rickest Rick,Brandon Aiyuk,WR,2,157,12.9,4.8,1152,,Tommy Approved,Jarvis Landry,WR,5,78,12.2,4.2,352.8,,Captain Dickhead,Allen Hurns,WR,4,127,3.2,-4.3,-4,,Ben Da Knee,John Brown,WR,4,130,5.9,-1.1,-4,,BR DEATH VALLEY,Emmanuel Sanders,WR,8,70,10.8,2.7,91.125,,The Talented Mr. Ripley,Martavis Bryant,WR,10,31,13.2,5.9,348.1
DEFINITELY NOT The Tommy!,Mike Williams,WR,11,69,13.6,6.6,396,,DEFINITELY NOT The Tommy!,Jerry Jeudy,WR,10,68,11.4,4,160,,Tommy Approved,Corey Davis,WR,2,103,9.8,2.1,220.5,,QB Tryouts,Curtis Samuel,WR,2,144,11.6,3.5,612.5,,QB Tryouts,Sterling Shepard,WR,5,71,11.3,3.3,217.8,,Bittah Commander,Randall Cobb,WR,4,102,7.5,0,-4,,Ben Da Knee,Mike Wallace,WR,4,107,8.3,1.3,42.25,,The Talented Mr. Ripley,John Brown,WR,7,81,5.6,-2.5,-7,,Mow Likes Hairy Manly Nipples,Victor Cruz,WR,9,111,0,-7.3,-9
Futanari Quest,Drake London,WR,11,56,8.7,1.7,26.272727,,Rookie Of The Year,Elijah Moore,WR,9,93,4.4,-3,-9,,Not The Tommy Sandwich,Michael Thomas,WR,2,92,0,-7.7,-2,,QB Tryouts,John Brown,WR,2,142,8.9,0.8,32,,Tommy Approved,Kenny Stills,WR,3,130,7.7,-0.3,-3,,Jerry Smith,Kenny Stills,WR,3,136,7.7,0.2,1.333333,,Type II Tommy,Pierre Garcon,WR,4,85,8.8,1.8,81,,Tuff Swami,Tavon Austin,WR,6,121,7.9,-0.2,-6,,Tommy Approved,Allen Robinson,WR,9,90,16.5,9.2,940.444444
The Stairs,Terry McLaurin,WR,9,91,9.6,2.6,75.111111,,DEFINITELY NOT The Tommy!,Jaylen Waddle,WR,9,67,13,5.6,348.444444,,Definitely Researched,Courtland Sutton,WR,2,86,7.1,-0.6,-2,,QB Tryouts,Preston Williams,WR,2,135,8.2,0.1,0.5,,Captain Dickhead,Michael Gallup,WR,3,94,12.8,4.8,768,,Tuff Swami,Julian Edelman,WR,3,124,14.2,6.7,1496.333333,,Smokey McPot,Marvin Jones Jr.,WR,3,148,12.2,5.2,901.333333,,Definitely Not The Worst,Michael Crabtree,WR,6,82,12.2,4.1,280.166667,,The Underdogs,Eric Decker,WR,9,33,14.2,6.9,529
Team Vinegar Strokes,Christian Kirk,WR,9,78,10.2,3.2,113.777778,,Team Vinegar Strokes,JuJu Smith-Schuster,WR,9,62,9.1,1.7,32.111111,,I'm Austin !,Michael Gallup,WR,2,85,8.2,0.5,12.5,,Bittah Commander,Jerry Jeudy,WR,2,128,8.2,0.1,0.5,,QB Tryouts,Golden Tate,WR,2,143,11.6,3.6,648,,Sanjay Approved,Robby Anderson,WR,3,109,9.4,1.9,120.333333,,Smokey McPot,Ted Ginn Jr.,WR,3,138,8.9,1.9,120.333333,,Devonta Belongs To Me Now,Vincent Jackson,WR,5,132,5,-3.1,-5,,Bittah Commander,Jeremy Maclin,WR,8,85,13.3,6,450
Tommy Approved,Brandon Aiyuk,WR,8,105,13.2,6.2,480.5,,Tommy Approved,Tyler Lockett,WR,6,94,12.2,4.8,384,,(EAU) Eat Ass University,Kadarius Toney,WR,1,187,7,-0.7,-1,,Wubba Lubba Dub Dub,Deebo Samuel,WR,2,119,9.2,1.1,60.5,,Wubba Lubba Dub Dub,DeSean Jackson,WR,2,115,10.8,2.8,392,,Definitely Researched,Kelvin Benjamin,WR,3,90,3.8,-3.7,-3,,Type II Tommy,Adam Thielen,WR,3,125,12.1,5.1,867,,Definitely Not The Worst,Devin Funchess,WR,4,137,5,-3.1,-4,,Mow Likes Hairy Manly Nipples,Vincent Jackson,WR,8,66,9.1,1.8,40.5
Team Vinegar Strokes,Jahan Dotson,WR,7,114,5.9,-1.1,-7,,Name Change For Luck,DeVonta Smith,WR,6,79,12.2,4.8,384,,Definitely Researched,Sterling Shepard,WR,1,186,8.5,0.8,64,,Bittah Commander,Henry Ruggs III,WR,2,116,5.5,-2.6,-2,,Tommy Approved,Larry Fitzgerald,WR,2,102,8.7,0.7,24.5,,Tuff Swami,Mohamed Sanu,WR,3,66,0,-7.5,-3,,Tommy Approved,DeVante Parker,WR,3,117,7.8,0.8,21.333333,,BR DEATH VALLEY,Willie Snead,WR,4,131,10.4,2.3,132.25,,Tuff Swami,Brandon LaFell,WR,5,106,6.4,-0.9,-5
The Stairs,George Pickens,WR,7,93,10.4,3.4,165.142857,,Tommy Approved,Marquez Valdes-Scantling,WR,5,108,6,-1.4,-5,,(EAU) Eat Ass University,Tre'Quan Smith,WR,1,185,7.2,-0.5,-1,,Better Than Sanjays Offer,Sterling Shepard,WR,2,115,10.8,2.7,364.5,,Tommy Approved,Curtis Samuel,WR,2,93,9,1,50,,Tuff Swami,Sterling Shepard,WR,3,51,9.3,1.8,108,,Tuff Swami,Martavis Bryant,WR,3,108,7.2,0.2,1.333333,,Devonta Belongs To Me Now,Torrey Smith,WR,4,126,4.6,-3.5,-4,,Tuff Swami,Roddy White,WR,3,114,4.9,-2.4,-3
Team Vinegar Strokes,Michael Pittman Jr.,WR,7,92,12.2,5.2,386.285714,,Tommy Approved,Hunter Renfrow,WR,5,100,6.1,-1.3,-5,,Tuff Swami,Emmanuel Sanders,WR,1,172,7.9,0.2,4,,Bittah Commander,Emmanuel Sanders,WR,2,102,9.6,1.5,112.5,,Tommy Approved,Robby Anderson,WR,2,86,8.5,0.5,12.5,,Sanjay Approved,Jamison Crowder,WR,2,146,7.6,0.1,0.5,,Bittah Commander,Jordan Matthews,WR,3,91,4.5,-2.5,-3,,Devonta Belongs To Me Now,Travis Benjamin,WR,3,147,7.8,-0.3,-3,,Tuff Swami,Marques Colston,WR,3,101,7.6,0.3,3
The Stairs,Jerry Jeudy,WR,6,81,7.2,0.2,0.666667,,Stupid Cut-Rate Insurance,Amari Cooper,WR,5,92,12.2,4.8,460.8,,(EAU) Eat Ass University,Amon-Ra St. Brown,WR,1,169,11.4,3.7,1369,,Captain Dickhead,Jamison Crowder,WR,2,88,11.9,3.8,722,,Wubba Lubba Dub Dub,Will Fuller V,WR,2,84,10,2,200,,Jerry Smith,Eric Decker,WR,2,143,0,-7.5,-2,,How Bout Dem Saints!,Kenny Britt,WR,3,73,4,-3,-3,,Bittah Commander,Kevin White,WR,3,107,7.3,-0.8,-3,,The Underdogs,Nelson Agholor,WR,3,96,3.4,-3.9,-3
DEFINITELY NOT The Tommy!,Jaxon Smith-Njigba,WR,5,124,7,0,-5,,DEFINITELY NOT The Tommy!,Darnell Mooney,WR,5,74,7.4,0,-5,,Definitely Not The Tommy,Bryan Edwards,WR,1,168,5.8,-1.9,-1,,Definitely Researched,Parris Campbell,WR,1,188,5.9,-2.2,-1,,Picking Up MIA Players Cant Be,Trey Quinn,WR,1,184,3.2,-4.8,-1,,K.Hunt Punt,Paul Richardson,WR,2,129,7,-0.5,-2,,Ben Da Knee,Kenny Stills,WR,2,178,9.1,2.1,220.5,,Wubba Lubba Dub Dub,Marvin Jones,WR,3,104,9.7,1.6,85.333333,,BR DEATH VALLEY,Mike Wallace,WR,3,93,5,-2.3,-3
Wubba Lubba Dub Dub,Rashod Bateman,WR,5,40,3.8,-3.2,-5,,Rookie Of The Year,Robert Woods,WR,4,110,5.2,-2.2,-4,,(EAU) Eat Ass University,Jalen Reagor,WR,1,162,3.6,-4.1,-1,,Definitely Researched,Sammy Watkins,WR,1,184,7,-1.1,-1,,Wubba Lubba Dub Dub,Marquise Brown,WR,1,178,8.8,0.8,64,,Definitely Researched,Nelson Agholor,WR,2,123,8.3,0.8,32,,Tuff Swami,Tyler Lockett,WR,2,174,6,-1,-2,,Tuff Swami,Tyler Lockett,WR,3,84,6.9,-1.2,-3,,Tommy Approved,Percy Harvin,WR,2,151,8.1,0.8,32
Team Vinegar Strokes,Treylon Burks,WR,4,137,2.9,-4.1,-4,,Stupid Cut-Rate Insurance,Rondale Moore,WR,3,132,8.4,1,33.333333,,Burnin Up ðŸ”¥ðŸ”¥ðŸ”¥ðŸ”¥,Tyrell Williams,WR,1,159,2.4,-5.3,-1,,Tommy Approved,Randall Cobb,WR,1,181,8.1,0,-1,,Picking Up MIA Players Cant Be,N'Keal Harry,WR,1,176,4.8,-3.2,-1,,Captain Dickhead,Pierre Garcon,WR,2,108,5.8,-1.7,-2,,Tommy Approved,Sterling Shepard,WR,2,154,10.5,3.5,612.5,,Definitely Not The Worst,Will Fuller V,WR,2,158,7.1,-1,-2,,I'm Gonna Need A Better,Steve Smith Sr.,WR,2,130,15.4,8.1,3280.5
Team Vinegar Strokes,Jordan Addison,WR,4,128,11,4,400,,Stupid Cut-Rate Insurance,DeAndre Hopkins,WR,3,122,13.3,5.9,1160.333333,,Tuff Swami,Mecole Hardman,WR,1,158,6.6,-1.1,-1,,Definitely Researched,Mohamed Sanu Sr.,WR,1,179,3.6,-4.5,-1,,QB Tryouts,DaeSean Hamilton,WR,1,174,3.1,-4.9,-1,,K.Hunt Punt,DeVante Parker,WR,2,100,4.4,-3.1,-2,,Wubba Lubba Dub Dub,Rishard Matthews,WR,2,133,9.3,2.3,264.5,,Tommy Approved,Ted Ginn Jr.,WR,2,138,8.3,0.2,2,,Tommy Approved,Larry Fitzgerald,WR,2,126,14.1,6.8,2312
Champ - Missioner,Zay Flowers,WR,4,52,10.5,3.5,306.25,,Stupid Cut-Rate Insurance,Brandon Aiyuk,WR,3,112,11.1,3.7,456.333333,,Tommy Approved,Gabriel Davis,WR,1,157,7.2,-0.5,-1,,B2B Tommy B2B,Steven Sims Jr.,WR,1,178,3.7,-4.4,-1,,Rickest Rick,Cole Beasley,WR,1,173,10.1,2.1,441,,Wubba Lubba Dub Dub,Terrelle Pryor,WR,1,188,5.6,-1.9,-1,,Smokey McPot,Marqise Lee,WR,1,186,8.6,1.6,256,,Wubba Lubba Dub Dub,Sterling Shepard,WR,2,116,9.5,1.4,98,,Bittah Commander,Breshad Perriman,WR,2,120,0,-7.3,-2
Team Vinegar Strokes,Odell Beckham Jr.,WR,3,138,6.4,-0.6,-3,,Tuff Swami,Christian Kirk,WR,3,102,11.8,4.4,645.333333,,Definitely Researched,Randall Cobb,WR,1,156,7.2,-0.5,-1,,Rickest Rick,Michael Pittman Jr.,WR,1,177,6.1,-2,-1,,Wubba Lubba Dub Dub,Devin Funchess,WR,1,172,4.7,-3.3,-1,,Wubba Lubba Dub Dub,Martavis Bryant,WR,1,187,4.6,-2.9,-1,,Type II Tommy,John Ross,WR,1,183,-0.3,-7.3,-1,,Tuff Swami,Mohamed Sanu,WR,2,108,8,-0.1,-2,,Bittah Commander,Torrey Smith,WR,2,118,6.8,-0.5,-2
Tuff Swami,Brandin Cooks,WR,3,120,9.1,2.1,147,,Name Change For Luck,Drake London,WR,3,101,8.4,1,33.333333,,(EAU) Eat Ass University,Parris Campbell,WR,1,155,4.5,-3.2,-1,,Tommy Approved,Breshad Perriman,WR,1,175,7,-1.1,-1,,Picking Up MIA Players Cant Be,Deebo Samuel,WR,1,170,10.7,2.7,729,,H-Town Smackdown,John Ross,WR,1,186,5.7,-1.8,-1,,Smokey McPot,Devin Funchess,WR,1,181,10.2,3.2,1024,,Tommy Approved,DeVante Parker,WR,2,106,8.4,0.3,4.5,,Tommy Approved,Anquan Boldin,WR,2,116,9.7,2.4,288
Futanari Quest,Skyy Moore,WR,3,116,3.1,-3.9,-3,,Team HUNTER,George Pickens,WR,2,174,8.3,0.9,40.5,,Definitely Not The Tommy,Terrace Marshall Jr.,WR,1,154,2,-5.7,-1,,B2B Tommy B2B,Allen Lazard,WR,1,172,8.1,0,-1,,Wubba Lubba Dub Dub,Albert Wilson,WR,1,165,5.2,-2.8,-1,,Wubba Lubba Dub Dub,Michael Gallup,WR,1,185,5.1,-2.4,-1,,Wubba Lubba Dub Dub,Robert Woods,WR,1,180,11.3,4.3,1849,,Devonta Belongs To Me Now,DeSean Jackson,WR,2,101,10.2,2.1,220.5,,The Talented Mr. Ripley,Dorial Green-Beckham,WR,1,184,6.1,-1.2,-1
Lets Yeet This Wheat,Michael Thomas,WR,3,103,7,0,-3,,Tuff Swami,Van Jefferson,WR,2,160,6.7,-0.7,-2,,Bittah Commander,A.J. Green,WR,1,152,8.1,0.4,16,,Definitely Researched,N'Keal Harry,WR,1,160,4.1,-4,-1,,Definitely Researched,Geronimo Allison,WR,1,161,3.7,-4.3,-1,,Definitely Researched,Terrance Williams,WR,1,183,0.9,-6.6,-1,,Definitely Not The Worst,Cole Beasley,WR,1,179,4.9,-2.1,-1,,Smokey McPot,Stefon Diggs,WR,2,67,11.6,3.5,612.5,,The Underdogs,Malcom Floyd,WR,1,180,5.8,-1.5,-1
Champ - Missioner,Marquise Brown,WR,3,85,7.8,0.8,21.333333,,Tuff Swami,Russell Gage,WR,2,155,7.5,0.1,0.5,,Definitely Researched,DeVante Parker,WR,1,148,8.4,0.7,49,,B2B Tommy B2B,Anthony Miller,WR,1,158,5.3,-2.8,-1,,QB Tryouts,Adam Humphries,WR,1,160,5.7,-2.3,-1,,Wubba Lubba Dub Dub,Chris Godwin,WR,1,182,9.7,2.2,484,,How Bout Dem Saints!,Robby Anderson,WR,1,173,10.5,3.5,1225,,BR DEATH VALLEY,Chris Hogan,WR,1,189,7.3,-0.8,-1,,Mow Likes Hairy Manly Nipples,Michael Crabtree,WR,1,176,11.8,4.5,2025
Futanari Quest,DJ Chark Jr.,WR,2,163,6.5,-0.5,-2,,Lets Yeet This Wheat,Treylon Burks,WR,2,148,6.5,-0.9,-2,,(EAU) Eat Ass University,Jakobi Meyers,WR,1,147,9.1,1.4,196,,Definitely Researched,Mike Williams,WR,1,152,8.6,0.5,25,,Rickest Rick,Anthony Miller,WR,1,159,6.3,-1.7,-1,,Sanjay Approved,Mike Williams,WR,1,177,9.9,2.4,576,,Wubba Lubba Dub Dub,Kevin White,WR,1,172,1.6,-5.4,-1,,The Talented Mr. Ripley,Kenny Stills,WR,1,185,9.2,1.1,121,,The Underdogs,Cody Latimer,WR,1,174,1.1,-6.2,-1
Futanari Quest,Marvin Mims Jr.,WR,2,154,3.7,-3.3,-2,,Tuff Swami,Julio Jones,WR,2,140,5.8,-1.6,-2,,Definitely Not The Tommy,Rondale Moore,WR,1,146,5.9,-1.8,-1,,Tuff Swami,Larry Fitzgerald,WR,1,151,5.7,-2.4,-1,,Picking Up MIA Players Cant Be,Marquez Valdes-Scantling,WR,1,153,4.4,-3.6,-1,,Wubba Lubba Dub Dub,Cameron Meredith,WR,1,175,3.3,-4.2,-1,,How Bout Dem Saints!,Josh Doctson,WR,1,165,6.4,-0.6,-1,,Wubba Lubba Dub Dub,Phillip Dorsett,WR,1,178,5.5,-2.6,-1,,I'm Gonna Need A Better,Kenny Stills,WR,1,170,4.7,-2.6,-1
Lessor Austin M.,Quentin Johnston,WR,2,143,4.4,-2.6,-2,,Rookie Of The Year,Chris Olave,WR,2,120,10.8,3.4,578,,Tuff Swami,Nelson Agholor,WR,1,141,5.7,-2,-1,,B2B Tommy B2B,Cole Beasley,WR,1,150,11.1,3,900,,QB Tryouts,John Brown,WR,1,151,12.3,4.3,1849,,H-Town Smackdown,DJ Moore,WR,1,174,8.1,0.6,36,,Wubba Lubba Dub Dub,Zay Jones,WR,1,163,3.8,-3.2,-1,,The Talented Mr. Ripley,Laquon Treadwell,WR,1,176,0.2,-7.9,-1,,BR DEATH VALLEY,Davante Adams,WR,1,164,6.3,-1,-1
Wubba Lubba Dub Dub,Adam Thielen,WR,2,122,10.6,3.6,648,,Wubba Lubba Dub Dub,Kadarius Toney,WR,2,109,5.5,-1.9,-2,,Tommy Approved,Michael Pittman Jr.,WR,1,140,11.4,3.7,1369,,Bittah Commander,Jalen Reagor,WR,1,146,6.5,-1.6,-1,,Rickest Rick,Mohamed Sanu Sr.,WR,1,149,6.3,-1.7,-1,,H-Town Smackdown,Danny Amendola,WR,1,169,6.5,-1,-1,,Tuff Swami,Allen Hurns,WR,1,161,8,1,100,,Wubba Lubba Dub Dub,Steve Smith Sr.,WR,1,173,10.6,2.5,625,,The Talented Mr. Ripley,Marqise Lee,WR,1,157,3.6,-3.7,-1
Tommy Approved,JuJu Smith-Schuster,WR,2,117,4.2,-2.8,-2,,Wubba Lubba Dub Dub,Quez Watkins,WR,1,204,4,-3.4,-1,,(EAU) Eat Ass University,DJ Chark Jr.,WR,1,138,10.3,2.6,676,,Rickest Rick,Mecole Hardman,WR,1,141,6.7,-1.4,-1,,Tuff Swami,Tyrell Williams,WR,1,146,8.7,0.7,49,,Wubba Lubba Dub Dub,Rishard Matthews,WR,1,165,0.6,-6.9,-1,,Type II Tommy,Corey Coleman,WR,1,141,6,-1,-1,,BR DEATH VALLEY,Michael Thomas,WR,1,171,14,5.9,3481,,I'm Gonna Need A Better,Pierre Garcon,WR,1,154,9.4,2.1,441
Lessor Austin M.,Elijah Moore,WR,2,108,6,-1,-2,,Wubba Lubba Dub Dub,KaVontae Turpin,WR,1,203,-0.1,-7.5,-1,,Definitely Not The Tommy,Elijah Moore,WR,1,137,10.6,2.9,841,,Wubba Lubba Dub Dub,DeSean Jackson,WR,1,140,7.6,-0.5,-1,,Rickest Rick,Donte Moncrief,WR,1,139,0.5,-7.5,-1,,Tuff Swami,Calvin Ridley,WR,1,163,10.9,3.4,1156,,Tommy Approved,Anquan Boldin,WR,1,140,0,-7,-1,,Wubba Lubba Dub Dub,Corey Coleman,WR,1,167,7.7,-0.4,-1,,I'm Gonna Need A Better,John Brown,WR,1,145,11.7,4.4,1936
Lets Yeet This Wheat,Courtland Sutton,WR,2,94,10,3,450,,Wubba Lubba Dub Dub,Odell Beckham Jr.,WR,1,202,0,-7.4,-1,,Tommy Approved,Cole Beasley,WR,1,131,7.4,-0.3,-1,,QB Tryouts,Darius Slayton,WR,1,139,7.3,-0.8,-1,,Tuff Swami,DK Metcalf,WR,1,136,9.9,1.9,361,,Definitely Researched,DeSean Jackson,WR,1,160,10.9,3.4,1156,,How Bout Dem Saints!,Corey Davis,WR,1,137,4.8,-2.2,-1,,Smokey McPot,Pierre Garcon,WR,1,166,10.1,2,400,,Tommy Approved,Kendall Wright,WR,1,140,7.9,0.6,36
DEFINITELY NOT The Tommy!,Jalin Hyatt,WR,1,201,2.9,-4.1,-1,,I'm Austin !,Alec Pierce,WR,1,200,5.7,-1.7,-1,,I'm Austin !,Mike Williams,WR,1,126,13,5.3,2809,,Bittah Commander,Golden Tate,WR,1,137,5.8,-2.3,-1,,Captain Dickhead,Keke Coutee,WR,1,134,4.2,-3.8,-1,,Definitely Researched,Ted Ginn Jr.,WR,1,154,8.8,1.3,169,,Definitely Not The Worst,Tavon Austin,WR,1,134,2.3,-4.7,-1,,BR DEATH VALLEY,Tyler Boyd,WR,1,164,6.1,-2,-1,,I'm Gonna Need A Better,DeVante Parker,WR,1,136,5.7,-1.6,-1
Lets Yeet This Wheat,Donovan Peoples-Jones,WR,1,200,1.5,-5.5,-1,,Wubba Lubba Dub Dub,Calvin Ridley,WR,1,195,0,-7.4,-1,,Tuff Swami,Russell Gage,WR,1,122,10,2.3,529,,Captain Dickhead,Robby Anderson,WR,1,136,11,2.9,841,,Antonio Brown,Jamison Crowder,WR,1,128,9.9,1.9,361,,Wubba Lubba Dub Dub,Josh Doctson,WR,1,153,5.8,-1.7,-1,,Smokey McPot,Torrey Smith,WR,1,128,4.5,-2.5,-1,,The Talented Mr. Ripley,Sammie Coates,WR,1,163,4.8,-3.3,-1,,Mow Likes Hairy Manly Nipples,Donte Moncrief,WR,1,134,8.8,1.5,225
Lessor Austin M.,Marquez Valdes-Scantling,WR,1,198,2.9,-4.1,-1,,Name Change For Luck,Wan'Dale Robinson,WR,1,194,6.7,-0.7,-1,,(EAU) Eat Ass University,Marvin Jones Jr.,WR,1,119,8.5,0.8,64,,Captain Dickhead,Justin Jefferson,WR,1,127,14.4,6.3,3969,,Definitely Researched,Dante Pettis,WR,1,122,2.6,-5.4,-1,,H-Town Smackdown,Kenny Golladay,WR,1,152,11.5,4,1600,,Definitely Not The Worst,Taylor Gabriel,WR,1,124,4.1,-2.9,-1,,Definitely Not The Worst,Kamar Aiken,WR,1,159,3.3,-4.8,-1,,The Underdogs,Charles Johnson,WR,1,132,1.6,-5.7,-1
Lessor Austin M.,Jayden Reed,WR,1,192,11.6,4.6,2116,,Wubba Lubba Dub Dub,Khalil Shakir,WR,1,187,2.9,-4.5,-1,,Burnin Up ðŸ”¥ðŸ”¥ðŸ”¥ðŸ”¥,Jarvis Landry,WR,1,113,8.9,1.2,144,,Tuff Swami,Russell Gage,WR,1,125,9.1,1,100,,Antonio Brown,Corey Davis,WR,1,118,6.2,-1.8,-1,,Wubba Lubba Dub Dub,Marqise Lee,WR,1,138,0,-7.5,-1,,Tuff Swami,Mohamed Sanu,WR,1,123,9.4,2.4,576,,Smokey McPot,Anquan Boldin,WR,1,157,8.7,0.6,36,,Tuff Swami,Michael Floyd,WR,1,131,9.8,2.5,625
Lets Yeet This Wheat,Curtis Samuel,WR,1,188,7.9,0.9,81,,I'm Austin !,DeVante Parker,WR,1,185,6.7,-0.7,-1,,(EAU) Eat Ass University,Curtis Samuel,WR,1,109,1.4,-6.3,-1,,Captain Dickhead,Christian Kirk,WR,1,117,8.7,0.6,36,,Wubba Lubba Dub Dub,James Washington,WR,1,117,7.4,-0.6,-1,,Tuff Swami,Tyler Lockett,WR,1,135,12.1,4.6,2116,,Tommy Approved,Rob Gronkowski,TE,35,33,13.8,6.7,128.257143,,Tommy Approved,Markus Wheaton,WR,1,151,5,-3.1,-1,,Bid Over $9000,Kevin White,WR,1,103,0,-7.3,-1
Tuff Swami,Zay Jones,WR,1,187,6.8,-0.2,-1,,Team HUNTER,Michael Gallup,WR,1,184,6.1,-1.3,-1,,Definitely Not The Tommy,Marquez Callaway,WR,1,108,7.6,-0.1,-1,,Wubba Lubba Dub Dub,Julian Edelman,WR,1,112,7.6,-0.5,-1,,Antonio Brown,Courtland Sutton,WR,1,108,11.7,3.7,1369,,Bittah Commander,Dez Bryant,WR,1,133,0,-7.5,-1,,The Talented Mr. Ripley,Travis Kelce,TE,21,49,12.8,5.7,154.714286,,Tommy Approved,Rob Gronkowski,TE,51,11,10.6,1.9,7.078431,,Mow Likes Hairy Manly Nipples,Rob Gronkowski,TE,56,11,14.6,6,64.285714
Researched? Definitely.,Parris Campbell,WR,1,184,1.7,-5.3,-1,,Team Vinegar Strokes,Kenny Golladay,WR,1,183,2.9,-4.5,-1,,I'm Austin !,Deebo Samuel,WR,1,106,18.8,11.1,12321,,Better Than Sanjays Offer,Travis Kelce,TE,37,36,17.4,9.4,238.810811,,QB Tryouts,Travis Kelce,TE,41,14,12.9,5.9,84.902439,,Tuff Swami,Rob Gronkowski,TE,35,20,8.3,0.8,1.828571,,Smokey McPot,Greg Olsen,TE,19,68,4.8,-2.3,-19,,Definitely Not The Worst,Greg Olsen,TE,17,43,10.5,1.8,19.058824,,Bid Over $9000,Jimmy Graham,TE,39,14,8.8,0.2,0.102564
Smoky McPot,Jameson Williams,WR,1,177,5.7,-1.3,-1,,Lets Yeet This Wheat,Nico Collins,WR,1,182,7.9,0.5,25,,Bittah Commander,Travis Kelce,TE,51,5,13.6,5.2,53.019608,,Bittah Commander,George Kittle,TE,37,25,12.6,4.6,57.189189,,Rickest Rick,George Kittle,TE,30,24,12.9,5.9,116.033333,,Tommy Approved,Travis Kelce,TE,22,46,15.2,7.7,269.5,,How Bout Dem Saints!,Jimmy Graham,TE,11,103,8.9,1.8,29.454545,,Devonta Belongs To Me Now,Jordan Reed,TE,12,61,11.3,2.6,56.333333,,The Underdogs,Greg Olsen,TE,12,24,11.8,3.2,85.333333
Researched? Definitely.,Hunter Renfrow,WR,1,176,2.1,-4.9,-1,,I'm Austin !,Jalen Tolbert,WR,1,177,0.7,-6.7,-1,,Definitely Researched,Darren Waller,TE,31,25,9.6,1.2,4.645161,,Better Than Sanjays Offer,Zach Ertz,TE,21,43,5.4,-2.6,-21,,Picking Up MIA Players Cant Be,Zach Ertz,TE,18,38,11.4,4.4,107.555556,,K.Hunt Punt,Jimmy Graham,TE,20,67,6.4,-1.1,-20,,Ben Da Knee,Martellus Bennett,TE,10,72,4.8,-2.3,-10,,Smokey McPot,Delanie Walker,TE,6,68,10.4,1.7,48.166667,,Tommy Approved,Julius Thomas,TE,4,61,8.2,-0.4,-4
Researched? Definitely.,Michael Gallup,WR,1,167,4.2,-2.8,-1,,Team HUNTER,Joshua Palmer,WR,1,176,8.3,0.9,81,,Burnin Up ðŸ”¥ðŸ”¥ðŸ”¥ðŸ”¥,George Kittle,TE,25,23,11.6,3.2,40.96,,Rickest Rick,Mark Andrews,TE,17,47,10.1,2.1,25.941176,,Antonio Brown,Evan Engram,TE,8,62,10.9,3.9,190.125,,Definitely Researched,Zach Ertz,TE,16,53,13.9,6.4,256,,Bittah Commander,Jordan Reed,TE,7,70,7.8,0.7,7,,Tuff Swami,Antonio Gates,TE,5,114,8.7,0,-5,,Tuff Swami,Owen Daniels,TE,3,81,5.8,-2.8,-3
DEFINITELY NOT The Tommy!,Rashee Rice,WR,1,165,10.8,3.8,1444,,Team Vinegar Strokes,Jarvis Landry,WR,1,175,5.3,-2.1,-1,,Tuff Swami,Kyle Pitts,TE,13,65,8.4,0,-13,,Captain Dickhead,Darren Waller,TE,10,67,14.1,6.1,372.1,,Bittah Commander,Vance McDonald,TE,6,82,4.6,-2.4,-6,,Jerry Smith,Greg Olsen,TE,11,84,7.4,-0.1,-11,,Tuff Swami,Delanie Walker,TE,7,23,8.6,1.5,32.142857,,Definitely Not The Worst,Gary Barnidge,TE,5,85,6.4,-2.3,-5,,Tuff Swami,Jason Witten,TE,2,98,7.9,-0.7,-2
Futanari Quest,K.J. Osborn,WR,1,162,6,-1,-1,,Tommy Approved,Isaiah McKenzie,WR,1,172,6.2,-1.2,-1,,Not The Tommy Sandwich,Mark Andrews,TE,11,74,14.6,6.2,349.454545,,Tuff Swami,Rob Gronkowski,TE,4,81,7.9,-0.1,-4,,Captain Dickhead,Hunter Henry,TE,5,63,10.2,3.2,204.8,,Tommy Approved,Evan Engram,TE,5,101,9.4,1.9,72.2,,Definitely Not The Worst,Eric Ebron,TE,5,153,6.6,-0.5,-5,,I Got Outscored By The Tommy.,Travis Kelce,TE,3,86,11.3,2.6,225.333333,,Bid Over $9000,Jordan Cameron,TE,2,89,4.6,-4,-2
Tuff Swami,Tyler Boyd,WR,1,161,6.6,-0.4,-1,,Wubba Lubba Dub Dub,Mecole Hardman,WR,1,171,10.2,2.8,784,,I'm Austin !,Logan Thomas,TE,4,77,8.9,0.5,6.25,,Tuff Swami,Evan Engram,TE,4,72,6.8,-1.2,-4,,Wubba Lubba Dub Dub,O.J. Howard,TE,5,43,4.8,-2.2,-5,,K.Hunt Punt,Jack Doyle,TE,3,134,7.9,0.4,5.333333,,Smokey McPot,Tyler Eifert,TE,4,111,3.3,-3.8,-4,,Bittah Commander,Coby Fleener,TE,2,75,7,-1.7,-2,,Bid Over $9000,Martellus Bennett,TE,2,88,8,-0.6,-2
Smoky McPot,Tank Dell,WR,1,157,12.9,5.9,3481,,I'm Austin !,Marvin Jones Jr.,WR,1,169,5.9,-1.5,-1,,Not The Tommy Sandwich,T.J. Hockenson,TE,4,75,9.6,1.2,36,,Definitely Researched,Tyler Higbee,TE,3,71,7.1,-0.9,-3,,Tuff Swami,Jared Cook,TE,4,72,10.4,3.4,289,,Captain Dickhead,Kyle Rudolph,TE,3,125,7.5,0,-3,,Ben Da Knee,Austin Hooper,TE,2,169,5.9,-1.2,-2,,Smokey McPot,Tyler Eifert,TE,2,73,10.5,1.8,162,,I'm Gonna Need A Better,Travis Kelce,TE,2,87,9.6,1,50
The Stairs,Rondale Moore,WR,1,155,5,-2,-1,,Tommy Approved,Robbie Anderson,WR,1,162,3.5,-3.9,-1,,Late Auction Outbidders,Jonnu Smith,TE,2,97,3.3,-5.1,-2,,Captain Dickhead,T.J. Hockenson,TE,2,122,8.9,0.9,40.5,,Tommy Approved,David Njoku,TE,2,120,3.2,-3.8,-2,,Sanjay Approved,Jordan Reed,TE,2,121,7.1,-0.4,-2,,Wubba Lubba Dub Dub,Zach Ertz,TE,2,131,11.8,4.7,1104.5,,Wubba Lubba Dub Dub,Eric Ebron,TE,1,190,8.7,0,-1,,The Underdogs,Josh Hill,TE,1,188,2,-6.6,-1
Tommy Approved,Jonathan Mingo,WR,1,153,4.2,-2.8,-1,,Team HUNTER,DJ Chark,WR,1,157,7.6,0.2,4,,I'm Austin !,Robert Tonyan,TE,2,93,5.2,-3.2,-2,,Rickest Rick,Hunter Henry,TE,2,103,8.2,0.2,2,,Captain Dickhead,Jack Doyle,TE,1,185,5.6,-1.4,-1,,Tommy Approved,Delanie Walker,TE,2,91,7.2,-0.3,-2,,Bittah Commander,Hunter Henry,TE,2,121,7.5,0.4,8,,Wubba Lubba Dub Dub,Zach Miller,TE,1,187,9.6,0.9,81,,Mow Likes Hairy Manly Nipples,Vernon Davis,TE,1,153,3.9,-4.7,-1
Tuff Swami,Allen Lazard,WR,1,150,3.5,-3.5,-1,,Tomm - Issioner,Jahan Dotson,WR,1,154,9.4,2,400,,Definitely Researched,Austin Hooper,TE,1,177,4.9,-3.5,-1,,QB Tryouts,Noah Fant,TE,2,101,7.9,-0.1,-2,,Captain Dickhead,Trey Burton,TE,1,154,1.7,-5.3,-1,,Wubba Lubba Dub Dub,David Njoku,TE,1,190,7.2,-0.3,-1,,Tuff Swami,Antonio Gates,TE,1,170,4,-3.1,-1,,Devonta Belongs To Me Now,Martellus Bennett,TE,1,142,8.8,0.1,1,,In Devontafreem An We Trust,Dwayne Allen,TE,1,137,1.9,-6.7,-1
Smoky McPot,Kadarius Toney,WR,1,146,3,-4,-1,,Team Vinegar Strokes,Christian Watson,WR,1,145,10.3,2.9,841,,(EAU) Eat Ass University,Rob Gronkowski,TE,1,176,12,3.6,1296,,Rickest Rick,Austin Hooper,TE,1,171,7,-1,-1,,Rickest Rick,Austin Hooper,TE,1,129,11.9,4.9,2401,,H-Town Smackdown,Jared Cook,TE,1,181,10,2.5,625,,Smokey McPot,Cameron Brate,TE,1,166,7.4,0.3,9,,BR DEATH VALLEY,Zach Ertz,TE,1,136,10.3,1.6,256,,Bittah Commander,Austin Seferian-Jenkins,TE,1,125,9.8,1.2,144
Lets Yeet This Wheat,Gabe Davis,WR,1,141,8.2,1.2,144,,Tomm - Issioner,Romeo Doubs,WR,1,143,6.2,-1.2,-1,,Burnin Up ðŸ”¥ðŸ”¥ðŸ”¥ðŸ”¥,Mike Gesicki,TE,1,166,7.6,-0.8,-1,,Wubba Lubba Dub Dub,Hayden Hurst,TE,1,131,7.6,-0.4,-1,,Definitely Researched,Delanie Walker,TE,1,92,6.3,-0.7,-1,,Definitely Researched,Eric Ebron,TE,1,180,11.8,4.3,1849,,Type II Tommy,Jack Doyle,TE,1,159,8.6,1.5,225,,Wubba Lubba Dub Dub,Julius Thomas,TE,1,129,7.5,-1.2,-1,,BR DEATH VALLEY,Zach Ertz,TE,1,108,8.9,0.3,9
Tuff Swami,Van Jefferson,WR,1,139,1.8,-5.2,-1,,I'm Austin !,Skyy Moore,WR,1,136,2,-5.4,-1,,Burnin Up ðŸ”¥ðŸ”¥ðŸ”¥ðŸ”¥,Dallas Goedert,TE,1,151,9.1,0.7,49,,Tommy Approved,Mike Gesicki,TE,1,129,8.9,0.9,81,,Tuff Swami,Rams D/ST,D/ST,3,126,0,0,0,,Wubba Lubba Dub Dub,Trey Burton,TE,1,159,7.5,0,-1,,Tommy Approved,Dwayne Allen,TE,1,158,1.2,-5.9,-1,,The Talented Mr. Ripley,Jimmy Graham,TE,1,125,9.8,1.1,121,,The Talented Mr. Ripley,Heath Miller,TE,1,99,6.5,-2.1,-1
The Stairs,Darnell Mooney,WR,1,132,4.2,-2.8,-1,,Team Vinegar Strokes,Tyler Boyd,WR,1,134,8.6,1.2,144,,Tommy Approved,Tyler Higbee,TE,1,149,7.8,-0.6,-1,,B2B Tommy B2B,Jared Cook,TE,1,74,7.3,-0.7,-1,,Tommy Approved,Chargers D/ST,D/ST,2,140,0,0,0,,Bittah Commander,Tyler Eifert,TE,1,156,7.9,0.4,16,,Wubba Lubba Dub Dub,Jason Witten,TE,1,105,7.2,0.1,1,,Tuff Swami,Jason Witten,TE,1,124,7.4,-1.3,-1,,Tuff Swami,Panthers D/ST,D/ST,3,150,0,0,0
Tommy Approved,Nico Collins,WR,1,130,14.7,7.7,5929,,Team HUNTER,Chase Claypool,WR,1,123,5.5,-1.9,-1,,Definitely Not The Tommy,Noah Fant,TE,1,118,7.8,-0.6,-1,,Rickest Rick,49ers D/ST,D/ST,2,100,0,0,0,,Rickest Rick,Bears D/ST,D/ST,2,109,0,0,0,,H-Town Smackdown,Charles Clay,TE,1,137,2.1,-5.4,-1,,Definitely Not The Worst,Kyle Rudolph,TE,1,104,8.1,1,100,,Smokey McPot,Texans D/ST,D/ST,3,78,0,0,0,,The Underdogs,Texans D/ST,D/ST,3,65,0,0,0
Lets Yeet This Wheat,Jakobi Meyers,WR,1,129,11.4,4.4,1936,,Lets Yeet This Wheat,Jakobi Meyers,WR,1,121,10.5,3.1,961,,Not The Tommy Sandwich,Buccaneers D/ST,D/ST,9,114,0,0,0,,Tommy Approved,Vikings D/ST,D/ST,1,185,0,0,0,,Picking Up MIA Players Cant Be,Eagles D/ST,D/ST,1,188,0,0,0,,Tommy Approved,Jaguars D/ST,D/ST,4,85,0,0,0,,The Talented Mr. Ripley,Texans D/ST,D/ST,4,129,0,0,0,,Tommy Approved,Seahawks D/ST,D/ST,3,65,0,0,0,,The Talented Mr. Ripley,Seahawks D/ST,D/ST,3,48,0,0,0
Lets Yeet This Wheat,Travis Kelce,TE,52,6,11.5,3.9,29.25,,Wubba Lubba Dub Dub,Garrett Wilson,WR,1,115,10.2,2.8,784,,(EAU) Eat Ass University,Broncos D/ST,D/ST,1,189,0,0,0,,Bittah Commander,Bears D/ST,D/ST,1,174,0,0,0,,Picking Up MIA Players Cant Be,Titans D/ST,D/ST,1,186,0,0,0,,K.Hunt Punt,Vikings D/ST,D/ST,2,115,0,0,0,,Ben Da Knee,Cardinals D/ST,D/ST,2,132,0,0,0,,I Got Outscored By The Tommy.,Chiefs D/ST,D/ST,3,40,0,0,0,,I'm Gonna Need A Better,Bills D/ST,D/ST,2,58,0,0,0
Tommy Approved,Mark Andrews,TE,26,41,11.3,3.7,52.653846,,Team Vinegar Strokes,Travis Kelce,TE,44,15,15.4,8,145.454545,,Tommy Approved,Dolphins D/ST,D/ST,1,171,0,0,0,,Definitely Researched,Patriots D/ST,D/ST,1,173,0,0,0,,Captain Dickhead,Cowboys D/ST,D/ST,1,182,0,0,0,,Jerry Smith,Eagles D/ST,D/ST,2,107,0,0,0,,Definitely Not The Worst,Vikings D/ST,D/ST,2,122,0,0,0,,Tuff Swami,Panthers D/ST,D/ST,2,105,0,0,0,,In Devontafreem An We Trust,Cardinals D/ST,D/ST,1,186,0,0,0
Tuff Swami,T.J. Hockenson,TE,14,70,11.4,3.8,103.142857,,Team HUNTER,Kyle Pitts,TE,32,49,6.2,-1.2,-32,,Definitely Researched,49ers D/ST,D/ST,1,170,0,0,0,,Tuff Swami,Saints D/ST,D/ST,1,166,0,0,0,,Definitely Researched,Patriots D/ST,D/ST,1,169,0,0,0,,Wubba Lubba Dub Dub,Titans D/ST,D/ST,1,189,0,0,0,,Smokey McPot,Broncos D/ST,D/ST,2,52,0,0,0,,Devonta Belongs To Me Now,Broncos D/ST,D/ST,2,95,0,0,0,,In Devontafreem An We Trust,Dolphins D/ST,D/ST,1,177,0,0,0
Futanari Quest,George Kittle,TE,10,86,10.7,3.1,96.1,,Name Change For Luck,Mark Andrews,TE,30,36,10.3,2.9,28.033333,,Bittah Commander,Patriots D/ST,D/ST,1,167,0,0,0,,Wubba Lubba Dub Dub,Ravens D/ST,D/ST,1,163,0,0,0,,Captain Dickhead,Vikings D/ST,D/ST,1,163,0,0,0,,H-Town Smackdown,Patriots D/ST,D/ST,1,184,0,0,0,,Wubba Lubba Dub Dub,Bengals D/ST,D/ST,1,188,0,0,0,,BR DEATH VALLEY,Raiders D/ST,D/ST,1,182,0,0,0,,Tommy Approved,Patriots D/ST,D/ST,1,158,0,0,0
Team Vinegar Strokes,Dallas Goedert,TE,10,80,7.6,0,-10,,Tomm - Issioner,George Kittle,TE,15,52,11.4,4,106.666667,,Tuff Swami,Bills D/ST,D/ST,1,165,0,0,0,,Captain Dickhead,Colts D/ST,D/ST,1,145,0,0,0,,Antonio Brown,Bills D/ST,D/ST,1,158,0,0,0,,Bittah Commander,Broncos D/ST,D/ST,1,173,0,0,0,,Tuff Swami,Steelers D/ST,D/ST,1,184,0,0,0,,Bittah Commander,Jets D/ST,D/ST,1,172,0,0,0,,BR DEATH VALLEY,Ravens D/ST,D/ST,1,156,0,0,0
Champ - Missioner,Darren Waller,TE,10,79,7.3,-0.3,-10,,DEFINITELY NOT The Tommy!,Darren Waller,TE,8,80,7.9,0.5,3.125,,I'm Austin !,Steelers D/ST,D/ST,1,144,0,0,0,,Better Than Sanjays Offer,Steelers D/ST,D/ST,1,120,0,0,0,,Antonio Brown,Jaguars D/ST,D/ST,1,148,0,0,0,,Definitely Researched,Texans D/ST,D/ST,1,171,0,0,0,,Type II Tommy,Patriots D/ST,D/ST,1,176,0,0,0,,BR DEATH VALLEY,Bengals D/ST,D/ST,1,155,0,0,0,,Bid Over $9000,Rams D/ST,D/ST,1,83,0,0,0
The Stairs,Kyle Pitts,TE,6,58,6.5,-1.1,-6,,Rookie Of The Year,T.J. Hockenson,TE,6,86,10.1,2.7,121.5,,Burnin Up ðŸ”¥ðŸ”¥ðŸ”¥ðŸ”¥,Rams D/ST,D/ST,1,142,0,0,0,,B2B Tommy B2B,Bills D/ST,D/ST,1,84,0,0,0,,Wubba Lubba Dub Dub,Saints D/ST,D/ST,1,127,0,0,0,,Sanjay Approved,Ravens D/ST,D/ST,1,132,0,0,0,,Tommy Approved,Chiefs D/ST,D/ST,1,175,0,0,0,,Definitely Not The Worst,Patriots D/ST,D/ST,1,150,0,0,0,,Bittah Commander,Jets D/ST,D/ST,1,75,0,0,0
Smoky McPot,Evan Engram,TE,5,74,10.2,2.6,135.2,,Lets Yeet This Wheat,Dalton Schultz,TE,5,64,7.6,0.2,0.8,,Late Auction Outbidders,Ravens D/ST,D/ST,1,117,0,0,0,,QB Tryouts,Broncos D/ST,D/ST,1,61,0,0,0,,Bittah Commander,Ravens D/ST,D/ST,1,125,0,0,0,,Captain Dickhead,Rams D/ST,D/ST,1,131,0,0,0,,How Bout Dem Saints!,Panthers D/ST,D/ST,1,147,0,0,0,,Wubba Lubba Dub Dub,Packers D/ST,D/ST,1,149,0,0,0,,Mow Likes Hairy Manly Nipples,Broncos D/ST,D/ST,1,74,0,0,0
Researched? Definitely.,Tyler Higbee,TE,3,109,5.7,-1.9,-3,,Rookie Of The Year,Mike Gesicki,TE,4,16,4.8,-2.6,-4,,Definitely Not The Tommy,Commanders D/ST,D/ST,1,88,0,0,0,,Rickest Rick,Harrison Butker,K,2,70,0,0,0,,QB Tryouts,Broncos D/ST,D/ST,1,111,0,0,0,,Tuff Swami,Steelers D/ST,D/ST,1,126,0,0,0,,Bittah Commander,Seahawks D/ST,D/ST,1,146,0,0,0,,The Talented Mr. Ripley,Cardinals D/ST,D/ST,1,115,0,0,0,,Mow Likes Hairy Manly Nipples,Adam Vinatieri,K,3,5,0,0,0
Smoky McPot,Pat Freiermuth,TE,3,97,5.1,-2.5,-3,,I'm Austin !,Dawson Knox,TE,3,114,7.4,0,-3,,(EAU) Eat Ass University,Matt Gay,K,1,190,0,0,0,,Definitely Researched,Ka'imi Fairbairn,K,1,190,0,0,0,,Picking Up MIA Players Cant Be,Joey Slye,K,1,190,0,0,0,,Captain Dickhead,Greg Zuerlein,K,3,5,0,0,0,,Ben Da Knee,Adam Vinatieri,K,2,142,0,0,0,,Wubba Lubba Dub Dub,Stephen Gostkowski,K,4,10,0,0,0,,Tommy Approved,Cody Parkey,K,2,172,0,0,0
DEFINITELY NOT The Tommy!,David Njoku,TE,2,113,10,2.4,288,,Tuff Swami,Zach Ertz,TE,3,111,9.2,1.8,108,,Definitely Researched,Jason Sanders,K,1,188,0,0,0,,Tommy Approved,Chris Boswell,K,1,189,0,0,0,,Captain Dickhead,Jake Elliott,K,1,189,0,0,0,,Tommy Approved,Justin Tucker,K,2,130,0,0,0,,Definitely Not The Worst,Matt Bryant,K,2,29,0,0,0,,Tommy Approved,Steven Hauschka,K,2,45,0,0,0,,I'm Gonna Need A Better,Stephen Gostkowski,K,2,35,0,0,0
Tuff Swami,Dawson Knox,TE,1,199,3.6,-4,-1,,Stupid Cut-Rate Insurance,Dallas Goedert,TE,3,104,9.5,2.1,147,,Tuff Swami,Graham Gano,K,1,184,0,0,0,,B2B Tommy B2B,Robbie Gould,K,1,187,0,0,0,,Wubba Lubba Dub Dub,Michael Badgley,K,1,183,0,0,0,,Jerry Smith,Chris Boswell,K,2,98,0,0,0,,Smokey McPot,Stephen Gostkowski,K,2,19,0,0,0,,BR DEATH VALLEY,Graham Gano,K,1,186,0,0,0,,Bid Over $9000,Connor Barth,K,2,25,0,0,0
Lessor Austin M.,Gerald Everett,TE,1,186,5.7,-1.9,-1,,Rookie Of The Year,Pat Freiermuth,TE,2,118,7.8,0.4,8,,Tommy Approved,Jason Myers,K,1,183,0,0,0,,Wubba Lubba Dub Dub,Matt Gay,K,1,186,0,0,0,,QB Tryouts,Robbie Gould,K,1,180,0,0,0,,K.Hunt Punt,Stephen Gostkowski,K,2,95,0,0,0,,Bittah Commander,Justin Tucker,K,2,9,0,0,0,,Definitely Not The Worst,Chris Boswell,K,1,184,0,0,0,,Bid Over $9000,Justin Tucker,K,2,15,0,0,0
Wubba Lubba Dub Dub,Juwan Johnson,TE,1,185,6.1,-1.5,-1,,Team HUNTER,Tyler Higbee,TE,1,192,7.3,-0.1,-1,,Burnin Up ðŸ”¥ðŸ”¥ðŸ”¥ðŸ”¥,Justin Tucker,K,1,180,0,0,0,,Bittah Commander,Jason Sanders,K,1,180,0,0,0,,Rickest Rick,Ka'imi Fairbairn,K,1,179,0,0,0,,Wubba Lubba Dub Dub,Wil Lutz,K,1,179,0,0,0,,Wubba Lubba Dub Dub,Dustin Hopkins,K,1,189,0,0,0,,Bittah Commander,Justin Tucker,K,1,156,0,0,0,,In Devontafreem An We Trust,Dan Carpenter,K,1,189,0,0,0
Wubba Lubba Dub Dub,Chigoziem Okonkwo,TE,1,178,5.1,-2.5,-1,,Team Vinegar Strokes,Irv Smith Jr.,TE,1,191,5.3,-2.1,-1,,Definitely Not The Tommy,Harrison Butker,K,1,175,0,0,0,,B2B Tommy B2B,Greg Zuerlein,K,1,165,0,0,0,,Definitely Researched,Stephen Gostkowski,K,1,175,0,0,0,,Definitely Researched,Robbie Gould,K,1,176,0,0,0,,Tommy Approved,Sebastian Janikowski,K,1,187,0,0,0,,I Got Outscored By The Tommy.,Blair Walsh,K,1,123,0,0,0,,The Talented Mr. Ripley,Nick Novak,K,1,179,0,0,0
DEFINITELY NOT The Tommy!,Sam LaPorta,TE,1,175,11.5,3.9,1521,,Name Change For Luck,David Njoku,TE,1,186,8.1,0.7,49,,Bittah Commander,Randy Bullock,K,1,174,0,0,0,,Tuff Swami,Younghoe Koo,K,1,159,0,0,0,,Antonio Brown,Harrison Butker,K,1,166,0,0,0,,H-Town Smackdown,Matt Prater,K,1,164,0,0,0,,Type II Tommy,Matt Prater,K,1,168,0,0,0,,Devonta Belongs To Me Now,Adam Vinatieri,K,1,122,0,0,0,,BR DEATH VALLEY,Matt Bryant,K,1,178,0,0,0
Futanari Quest,Dalton Kincaid,TE,1,173,7.1,-0.5,-1,,Lets Yeet This Wheat,Noah Fant,TE,1,166,5.7,-1.7,-1,,I'm Austin !,Stephen Gostkowski,K,1,153,0,0,0,,Captain Dickhead,Matt Prater,K,1,153,0,0,0,,Bittah Commander,Wil Lutz,K,1,164,0,0,0,,Bittah Commander,Adam Vinatieri,K,1,162,0,0,0,,Tuff Swami,Blair Walsh,K,1,152,0,0,0,,Smokey McPot,Robbie Gould,K,1,118,0,0,0,,Tuff Swami,Dan Bailey,K,1,71,0,0,0
Lets Yeet This Wheat,Dalton Schultz,TE,1,152,8.1,0.5,25,,Wubba Lubba Dub Dub,Hunter Henry,TE,1,150,5.2,-2.2,-1,,Late Auction Outbidders,Brandon McManus,K,1,145,0,0,0,,QB Tryouts,Wil Lutz,K,1,91,0,0,0,,Tuff Swami,Justin Tucker,K,1,156,0,0,0,,Sanjay Approved,Jake Elliott,K,1,140,0,0,0,,How Bout Dem Saints!,Mason Crosby,K,1,127,0,0,0,,The Talented Mr. Ripley,Mason Crosby,K,1,55,0,0,0,,The Underdogs,Matt Prater,K,1,52,0,0,0
Lessor Austin M.,Cole Kmet,TE,1,125,8.5,0.9,81,,Tommy Approved,Cole Kmet,TE,1,128,7.2,-0.2,-1,,Not The Tommy Sandwich,Younghoe Koo,K,1,124,0,0,0,,Better Than Sanjays Offer,Justin Tucker,K,1,80,0,0,0,,Tommy Approved,Greg Zuerlein,K,1,150,0,0,0,,Tuff Swami,Matt Bryant,K,1,116,0,0,0,,The Talented Mr. Ripley,Dan Bailey,K,1,39,0,0,0,,Tuff Swami,Dan Bailey,K,1,34,0,0,0,,Bittah Commander,Steven Hauschka,K,1,45,0,0,0
Team Vinegar Strokes,Saints D/ST,D/ST,2,142,0,0,0,,Rookie Of The Year,Chargers D/ST,D/ST,14,163,0,0,0,,,,,,,,,,,,,,,,,,,,,,,,,,,,,,,,,,,,,,,,,,,,,,,,,,,,,,,,,,,,,,,
Researched? Definitely.,49ers D/ST,D/ST,2,73,0,0,0,,Team Vinegar Strokes,Bengals D/ST,D/ST,2,199,0,0,0,,,,,,,,,,,,,,,,,,,,,,,,,,,,,,,,,,,,,,,,,,,,,,,,,,,,,,,,,,,,,,,
Wubba Lubba Dub Dub,Packers D/ST,D/ST,1,197,0,0,0,,Team HUNTER,Ravens D/ST,D/ST,2,152,0,0,0,,,,,,,,,,,,,,,,,,,,,,,,,,,,,,,,,,,,,,,,,,,,,,,,,,,,,,,,,,,,,,,
DEFINITELY NOT The Tommy!,Ravens D/ST,D/ST,1,195,0,0,0,,Stupid Cut-Rate Insurance,Packers D/ST,D/ST,2,131,0,0,0,,,,,,,,,,,,,,,,,,,,,,,,,,,,,,,,,,,,,,,,,,,,,,,,,,,,,,,,,,,,,,,
Lets Yeet This Wheat,Titans D/ST,D/ST,1,194,0,0,0,,Name Change For Luck,Saints D/ST,D/ST,2,119,0,0,0,,,,,,,,,,,,,,,,,,,,,,,,,,,,,,,,,,,,,,,,,,,,,,,,,,,,,,,,,,,,,,,
Tuff Swami,Eagles D/ST,D/ST,1,193,0,0,0,,I'm Austin !,Bills D/ST,D/ST,2,95,0,0,0,,,,,,,,,,,,,,,,,,,,,,,,,,,,,,,,,,,,,,,,,,,,,,,,,,,,,,,,,,,,,,,
Wubba Lubba Dub Dub,Patriots D/ST,D/ST,1,191,0,0,0,,Wubba Lubba Dub Dub,Steelers D/ST,D/ST,1,201,0,0,0,,,,,,,,,,,,,,,,,,,,,,,,,,,,,,,,,,,,,,,,,,,,,,,,,,,,,,,,,,,,,,,
Researched? Definitely.,Browns D/ST,D/ST,1,190,0,0,0,,Wubba Lubba Dub Dub,Patriots D/ST,D/ST,1,198,0,0,0,,,,,,,,,,,,,,,,,,,,,,,,,,,,,,,,,,,,,,,,,,,,,,,,,,,,,,,,,,,,,,,
Champ - Missioner,Cowboys D/ST,D/ST,1,179,0,0,0,,I'm Austin !,Colts D/ST,D/ST,1,197,0,0,0,,,,,,,,,,,,,,,,,,,,,,,,,,,,,,,,,,,,,,,,,,,,,,,,,,,,,,,,,,,,,,,
Smoky McPot,Jets D/ST,D/ST,1,168,0,0,0,,Lets Yeet This Wheat,Rams D/ST,D/ST,1,190,0,0,0,,,,,,,,,,,,,,,,,,,,,,,,,,,,,,,,,,,,,,,,,,,,,,,,,,,,,,,,,,,,,,,
The Stairs,Dolphins D/ST,D/ST,1,166,0,0,0,,Tomm - Issioner,49ers D/ST,D/ST,1,181,0,0,0,,,,,,,,,,,,,,,,,,,,,,,,,,,,,,,,,,,,,,,,,,,,,,,,,,,,,,,,,,,,,,,
Tommy Approved,Commanders D/ST,D/ST,1,164,0,0,0,,Tommy Approved,Buccaneers D/ST,D/ST,1,180,0,0,0,,,,,,,,,,,,,,,,,,,,,,,,,,,,,,,,,,,,,,,,,,,,,,,,,,,,,,,,,,,,,,,
Lessor Austin M.,Bills D/ST,D/ST,1,160,0,0,0,,DEFINITELY NOT The Tommy!,Commanders D/ST,D/ST,1,164,0,0,0,,,,,,,,,,,,,,,,,,,,,,,,,,,,,,,,,,,,,,,,,,,,,,,,,,,,,,,,,,,,,,,
Futanari Quest,Steelers D/ST,D/ST,1,151,0,0,0,,Tuff Swami,Cowboys D/ST,D/ST,1,149,0,0,0,,,,,,,,,,,,,,,,,,,,,,,,,,,,,,,,,,,,,,,,,,,,,,,,,,,,,,,,,,,,,,,
